links,name
"[<Selector xpath='.//h2[@class=""ContentItem-title""]/div/a/@href' data='/question/263503022/answer/516192531'>]","[<Selector xpath='.//h2[@class=""ContentItem-title""]/div/a/text()' data='男士护肤方式？'>]"
"[<Selector xpath='.//h2[@class=""ContentItem-title""]/div/a/@href' data='/question/281157703/answer/418999273'>]","[<Selector xpath='.//h2[@class=""ContentItem-title""]/div/a/text()' data='哪个牌子的气垫bb好用？'>]"
"[<Selector xpath='.//h2[@class=""ContentItem-title""]/div/a/@href' data='/question/39640358/answer/398993533'>]","[<Selector xpath='.//h2[@class=""ContentItem-title""]/div/a/text()' data='你有什么好的男士护肤品牌推荐？'>]"
"[<Selector xpath='.//h2[@class=""ContentItem-title""]/div/a/@href' data='/question/39640358/answer/374151288'>]","[<Selector xpath='.//h2[@class=""ContentItem-title""]/div/a/text()' data='你有什么好的男士护肤品牌推荐？'>]"
"[<Selector xpath='.//h2[@class=""ContentItem-title""]/div/a/@href' data='/question/34462536/answer/370825362'>]","[<Selector xpath='.//h2[@class=""ContentItem-title""]/div/a/text()' data='求推荐适合男士的护肤品？'>]"
"[<Selector xpath='.//h2[@class=""ContentItem-title""]/div/a/@href' data='/question/24723297/answer/366788206'>]","[<Selector xpath='.//h2[@class=""ContentItem-title""]/div/a/text()' data='在欧莱雅工作是怎样的一种体验？'>]"
"[<Selector xpath='.//h2[@class=""ContentItem-title""]/div/a/@href' data='/question/36471089/answer/136359830'>]","[<Selector xpath='.//h2[@class=""ContentItem-title""]/div/a/text()' data='大三学生想买秋冬保湿护肤品，有什么推荐的？'>]"
"[<Selector xpath='.//h2[@class=""ContentItem-title""]/div/a/@href' data='/question/66709471/answer/245347149'>]","[<Selector xpath='.//h2[@class=""ContentItem-title""]/div/a/text()' data='网购官方旗舰店的护肤品跟在实体店买有很大的区别吗？'>]"
"[<Selector xpath='.//h2[@class=""ContentItem-title""]/div/a/@href' data='/question/66709471/answer/245016306'>]","[<Selector xpath='.//h2[@class=""ContentItem-title""]/div/a/text()' data='网购官方旗舰店的护肤品跟在实体店买有很大的区别吗？'>]"
"[<Selector xpath='.//h2[@class=""ContentItem-title""]/div/a/@href' data='/question/20600884/answer/87042035'>]","[<Selector xpath='.//h2[@class=""ContentItem-title""]/div/a/text()' data='为什么la mer这个牌子这么昂贵？使用时需要注意什么？'>]"
"[<Selector xpath='.//h2[@class=""ContentItem-title""]/div/a/@href' data='/question/38342648/answer/124756683'>]","[<Selector xpath='.//h2[@class=""ContentItem-title""]/div/a/text()' data='有哪些适合男生的润唇膏？'>]"
"[<Selector xpath='.//h2[@class=""ContentItem-title""]/div/a/@href' data='/question/39640358/answer/118307580'>]","[<Selector xpath='.//h2[@class=""ContentItem-title""]/div/a/text()' data='你有什么好的男士护肤品牌推荐？'>]"
"[<Selector xpath='.//h2[@class=""ContentItem-title""]/div/a/@href' data='/question/40006457/answer/93820952'>]","[<Selector xpath='.//h2[@class=""ContentItem-title""]/div/a/text()' data='男生！皮肤暗淡没光泽，，肤色暗黄，有痘印，油腻，23学生党，该怎么拯救？有哪些干'>]"
"[<Selector xpath='.//h2[@class=""ContentItem-title""]/div/a/@href' data='/question/21519146/answer/92089990'>]","[<Selector xpath='.//h2[@class=""ContentItem-title""]/div/a/text()' data='为什么美即面膜做得比宝洁、欧莱雅等大牌化妆品公司推出的平价面膜都成功？'>]"
"[<Selector xpath='.//h2[@class=""ContentItem-title""]/div/a/@href' data='/question/60426026/answer/176049380'>]","[<Selector xpath='.//h2[@class=""ContentItem-title""]/div/a/text()' data='怎么看待男生脸上不化妆却画眉毛？'>]"
"[<Selector xpath='.//h2[@class=""ContentItem-title""]/div/a/@href' data='/question/21109649/answer/33555378'>]","[<Selector xpath='.//h2[@class=""ContentItem-title""]/div/a/text()' data='男生护肤品，洗面乳，润肤露，爽肤水之类的用同一品牌的比较好吗？还是可以混合不同的'>]"
"[<Selector xpath='.//h2[@class=""ContentItem-title""]/div/a/@href' data='/question/20600884/answer/77171903'>]","[<Selector xpath='.//h2[@class=""ContentItem-title""]/div/a/text()' data='为什么la mer这个牌子这么昂贵？使用时需要注意什么？'>]"
"[<Selector xpath='.//h2[@class=""ContentItem-title""]/div/a/@href' data='/question/56243502/answer/148811988'>]","[<Selector xpath='.//h2[@class=""ContentItem-title""]/div/a/text()' data='在浙大参与欧莱雅义卖是什么样的体验？'>]"
"[<Selector xpath='.//h2[@class=""ContentItem-title""]/div/a/@href' data='/question/56243502/answer/148266300'>]","[<Selector xpath='.//h2[@class=""ContentItem-title""]/div/a/text()' data='在浙大参与欧莱雅义卖是什么样的体验？'>]"
"[<Selector xpath='.//h2[@class=""ContentItem-title""]/div/a/@href' data='/question/33439391/answer/56607377'>]","[<Selector xpath='.//h2[@class=""ContentItem-title""]/div/a/text()' data='24岁男 求推荐高端护肤品品牌？'>]"
,
links,name
/question/263503022/answer/516192531,男士护肤方式？
/question/281157703/answer/418999273,哪个牌子的气垫bb好用？
/question/39640358/answer/398993533,你有什么好的男士护肤品牌推荐？
/question/39640358/answer/374151288,你有什么好的男士护肤品牌推荐？
/question/34462536/answer/370825362,求推荐适合男士的护肤品？
/question/24723297/answer/366788206,在欧莱雅工作是怎样的一种体验？
/question/36471089/answer/136359830,大三学生想买秋冬保湿护肤品，有什么推荐的？
/question/66709471/answer/245347149,网购官方旗舰店的护肤品跟在实体店买有很大的区别吗？
/question/66709471/answer/245016306,网购官方旗舰店的护肤品跟在实体店买有很大的区别吗？
/question/20600884/answer/87042035,为什么la mer这个牌子这么昂贵？使用时需要注意什么？
/question/38342648/answer/124756683,有哪些适合男生的润唇膏？
/question/39640358/answer/118307580,你有什么好的男士护肤品牌推荐？
/question/40006457/answer/93820952,男生！皮肤暗淡没光泽，，肤色暗黄，有痘印，油腻，23学生党，该怎么拯救？有哪些干货可以推荐？
/question/21519146/answer/92089990,为什么美即面膜做得比宝洁、欧莱雅等大牌化妆品公司推出的平价面膜都成功？
/question/60426026/answer/176049380,怎么看待男生脸上不化妆却画眉毛？
/question/21109649/answer/33555378,男生护肤品，洗面乳，润肤露，爽肤水之类的用同一品牌的比较好吗？还是可以混合不同的品牌用?
/question/20600884/answer/77171903,为什么la mer这个牌子这么昂贵？使用时需要注意什么？
/question/56243502/answer/148811988,在浙大参与欧莱雅义卖是什么样的体验？
/question/56243502/answer/148266300,在浙大参与欧莱雅义卖是什么样的体验？
/question/33439391/answer/56607377,24岁男 求推荐高端护肤品品牌？
,
article,comments,edit_time,link,praise,pub_time,que_name,user_id,user_link
注意不要失业或者离婚,19 条评论,发布于 2015-12-17,https://www.zhihu.com/question/20600884/answer/87042035,199 人赞同了该回答,发布于 2015-12-17 10:44,"[<Selector xpath='//h1[@class=""QuestionHeader-title""]/text()' data='为什么la mer这个牌子这么昂贵？使用时需要注意什么？'>, <Selector xpath='//h1[@class=""QuestionHeader-title""]/text()' data='为什么la mer这个牌子这么昂贵？使用时需要注意什么？'>]",无畔,//www.zhihu.com/people/wu-pan-48-55
我不得不说这个问题太适合我来回答了，我真的从小就是易过敏肤质，就算正常的情况下，脸颊也经常会泛红，过于敏感。前段时间又过敏了，姐姐推荐我用一下海蓝之谜的神奇面霜，其实一开始我是拒绝的，因为很担心会有什么刺激，但是后来看网上那些很不错的消费反馈，经不住诱惑还是打算试一试。这个面霜质地真的很舒服，软软的水水的，放在手上用掌心温度乳化之后，轻轻拍在脸上，清清凉凉，没有什么负担感，我过敏的皮肤也没有感觉刺痛，就这样用了几次之后，泛红的地方淡了下去，过敏的症状也好了许多。后来才了解到海蓝之谜的神奇面霜蕴含品牌灵魂修护成分――神奇活性精萃 Miracle Broth，效果真的一级棒！我的第一瓶已经要空瓶了，打算无限回购！,19 条评论,发布于 2018-06-13,https://www.zhihu.com/question/20600884/answer/87042035,199 人赞同了该回答,发布于 2018-06-13 15:32,"[<Selector xpath='//h1[@class=""QuestionHeader-title""]/text()' data='为什么la mer这个牌子这么昂贵？使用时需要注意什么？'>, <Selector xpath='//h1[@class=""QuestionHeader-title""]/text()' data='为什么la mer这个牌子这么昂贵？使用时需要注意什么？'>]",无畔,//www.zhihu.com/people/wu-pan-48-55
本人就是皮肤很干有痘印肤色不均买的LAMER的神奇面霜，开始用的第一周，感觉皮肤没那么粗糙。后面用了大概3周，满脸爆豆。不知道什么原因，有可能自己内分泌不好突然爆豆。但是我依然坚持用，现在用了大概1个半月，没觉得能去痘印，也没觉得能稳定什么，照样爆豆。整个下巴一带，右脸颊都是痘痘+印子，脸上也多了些粉刺。这就是我用LAMER一个月的感受！,19 条评论,发布于 2016-02-19,https://www.zhihu.com/question/20600884/answer/87042035,199 人赞同了该回答,发布于 2016-02-19 13:23,"[<Selector xpath='//h1[@class=""QuestionHeader-title""]/text()' data='为什么la mer这个牌子这么昂贵？使用时需要注意什么？'>, <Selector xpath='//h1[@class=""QuestionHeader-title""]/text()' data='为什么la mer这个牌子这么昂贵？使用时需要注意什么？'>]",无畔,//www.zhihu.com/people/wu-pan-48-55
品牌溢价，跟奢侈品高价一个道理。但是让我不爽的是奢侈品起码还有历史，工艺摆在那里，但是lamer的成分表里根本没什么让人眼前一亮的东西。它宣传的“航天科学家被烧伤，然后发现深海海藻的修复能力，于是研制出lamer面霜”这个故事根本经不起推敲。对于真正的烧伤疤痕，至今仍是世界医学难题。海藻提取物应用在护肤品中也有多年历史了，除了保湿外远没有广告宣称那般神奇。事实上化妆品界号称的种种高科技护肤成分，都来自于例如陶氏，气巴这样的大型化工企业，化妆品公司要做的就是在它们每年研发的几百种成分里面选一种，然后加入产品中推广宣传而已。当然贵价护肤品肯定不会一无是处，同样的成分，光是乳化工艺好坏，使用感受就能天壤之别，lamer就是很好的例子，用很普通的成分，配合一流的工艺，做出很好的使用感受，但是使用感受和效果是两个问题。同样使用感很好的还有日系护肤品，日本的精细化工也是世界一流的。言归正传，lamer既然不是什么神乎其神的东西，随便往脸上抹就是了。,19 条评论,发布于 2012-11-18,https://www.zhihu.com/question/20600884/answer/87042035,199 人赞同了该回答,发布于 2012-11-18 20:13,"[<Selector xpath='//h1[@class=""QuestionHeader-title""]/text()' data='为什么la mer这个牌子这么昂贵？使用时需要注意什么？'>, <Selector xpath='//h1[@class=""QuestionHeader-title""]/text()' data='为什么la mer这个牌子这么昂贵？使用时需要注意什么？'>]",无畔,//www.zhihu.com/people/wu-pan-48-55
因为我用的都是索菲娜百雀羚之类的护肤品，有段时间用了雅诗兰黛的面霜也没感觉和几十块钱的启初婴儿面霜有啥不一样，然后最近突然开始好奇好几千的护肤到底有啥效果？看了一圈回答，我就安心了，因为寻觅神奇效果的很多是问题肌肤朋友，用后感觉明显，而我皮肤不长痘，中性，不过敏……所以用啥都感觉不出来差别……我想说的是，皮肤没啥问题的姑娘们就别盲目跟风了，平时不要熬夜，适量运动出汗，饮食低脂低盐，多吃蔬菜，每日吃水果，尽量少吃人工添加糖等，保持好心情，自信一点。任何产品好不好，都是因人而异的。,19 条评论,发布于 2018-09-09,https://www.zhihu.com/question/20600884/answer/87042035,199 人赞同了该回答,发布于 2018-09-09 09:39,"[<Selector xpath='//h1[@class=""QuestionHeader-title""]/text()' data='为什么la mer这个牌子这么昂贵？使用时需要注意什么？'>, <Selector xpath='//h1[@class=""QuestionHeader-title""]/text()' data='为什么la mer这个牌子这么昂贵？使用时需要注意什么？'>]",无畔,//www.zhihu.com/people/wu-pan-48-55
"我也不知道为何这么昂贵，在商场里除了莱柏妮，价格远超其他品牌。我只告诉你我的使用感受。本人年纪30+，几乎商场里所有所谓大牌都用过，比如SKII，sisley，EL，lancome，娇韵诗，这些都用过全套，神仙水用过七八瓶215ml的。雅顿，欧舒丹，倩碧，碧欧泉，albion等用过部分产品。上个月入手了全套lamer，1w+。我告诉你为什么。因为之前满脸爆痘，两颊一到下午就特别痒，用什么护肤品都只会加重（爆痘前都是正常用）。于是什么都不用了，但是也没好转。开始买了神奇面霜，用了一两次，痘还是正常起，但是两颊完全不痒了。给了我信心直接入了全套。晚上用了第二天破天荒的一个新痘没起，再没起过新痘。用的时间不长，不知道对痘印效果如何。但是lamer主打修复功能确实非常NB。不要说什么成分不值钱也没有前沿科技成分。它的效果就是这么NB。我打算一直用下去，虽然贵，但是值。没用完的其他牌子都用来抹脖子了^_^<img data-rawwidth=""640"" data-rawheight=""480"" src=""https://pic1.zhimg.com/8eb2d8d364d88799db8821baaec91d48_b.jpg"" class=""origin_image zh-lightbox-thumb"" width=""640"" data-original=""https://pic1.zhimg.com/8eb2d8d364d88799db8821baaec91d48_r.jpg"">",19 条评论,发布于 2015-09-27,https://www.zhihu.com/question/20600884/answer/87042035,199 人赞同了该回答,发布于 2015-09-27 08:23,"[<Selector xpath='//h1[@class=""QuestionHeader-title""]/text()' data='为什么la mer这个牌子这么昂贵？使用时需要注意什么？'>, <Selector xpath='//h1[@class=""QuestionHeader-title""]/text()' data='为什么la mer这个牌子这么昂贵？使用时需要注意什么？'>]",无畔,//www.zhihu.com/people/wu-pan-48-55
我不是学什么生物化学之类的，文科生对成份没什么太多见地。只知道效果是真心好，贵还是有贵的价值。我是今年暑假回国前买了一个面霜的set，15ml＋60ml两瓶，确实很划算，没抵挡住sales和朋友在旁边煽风点火说马上就到一年一度的涨价了，这一点上Lamer和奢侈品一样，每年都有10%左右的增幅。本人混干，总体来说皮肤没什么大问题，脸颊两侧有一点淡斑。坐标美国东北部，对于从江南来的我来说这边还是比较干燥的，所以我入的是中等保湿程度的soft cream，用了一周感觉很好，接着就回国了。我家夏天比较湿热，用起来感觉皮肤一直油油的，加上后来去泰国和香港这些更湿热的地方待了二十来天，只能换成送的gel的小样了，不过好在我不是容易爆痘的肤质，就算油也只是毛孔明显一点。因为在美国习惯了不撑伞，所以整个夏天我几乎除了防晒霜没有任何防晒措施，开学之后回来去做facial，美容师说我肤质状况比回家之前好很多，也没有怎么晒黑，我这才意识到Lamer的功效。感受到了Lamer的神奇之后，接着又入了一瓶美白精华，期间跟朋友去了一次加勒比海，也是各种暴晒，不仅没有变黑，还有人说我越来越白了。其实在买美白精华之前参考了很多帖子和美妆博主的建议，很少有人推荐Lamer的美白精华，我感觉可能是因为价格吧，确实比起知名度和口碑很好的SK2小灯泡还要贵不少，但是效果是实打实的，所以我打算用完现在这套CPB之后全线换成Lamer。最后说一句，效果好不好，都是自己试出来的。,19 条评论,发布于 2016-01-31,https://www.zhihu.com/question/20600884/answer/87042035,199 人赞同了该回答,发布于 2016-01-31 08:41,"[<Selector xpath='//h1[@class=""QuestionHeader-title""]/text()' data='为什么la mer这个牌子这么昂贵？使用时需要注意什么？'>, <Selector xpath='//h1[@class=""QuestionHeader-title""]/text()' data='为什么la mer这个牌子这么昂贵？使用时需要注意什么？'>]",无畔,//www.zhihu.com/people/wu-pan-48-55
因为lamer是微生物发酵产物。SK-2神仙水也一样。化学成分是有限的，结构式知道，工艺路线总会出来的。微生物产物就是无限的了。一定是混合物。微生物也不一定是单一的，很可能是复合的。21世纪是生物学的世纪，对硕士博士来说可能是坑，但是最顶尖的最前沿的，一定是生物的。,19 条评论,发布于 2015-06-05,https://www.zhihu.com/question/20600884/answer/87042035,199 人赞同了该回答,发布于 2015-06-05 20:58,"[<Selector xpath='//h1[@class=""QuestionHeader-title""]/text()' data='为什么la mer这个牌子这么昂贵？使用时需要注意什么？'>, <Selector xpath='//h1[@class=""QuestionHeader-title""]/text()' data='为什么la mer这个牌子这么昂贵？使用时需要注意什么？'>]",无畔,//www.zhihu.com/people/wu-pan-48-55
"天猫旗舰店不会有假货，但是一定要认清楚到底是不是这个品牌的旗舰店，有很多假旗舰店也进驻天猫了。。。那些可能卖假货的是天猫上的私人店铺。。。而且很多产品是＂电商专供＂，那这个就要注意了。品质要差一点，比如电子产品啥的~然后我看了一下别人怎么说的，因为我自己是没在天猫旗舰店买到次品或者假货，所以我还是把人家的经历贴上来做个参考吧<img src=""https://pic1.zhimg.com/v2-6218703d7063dbac8041402eae96a250_b.jpg"" data-caption="""" data-rawwidth=""703"" data-rawheight=""459"" class=""origin_image zh-lightbox-thumb"" width=""703"" data-original=""https://pic1.zhimg.com/v2-6218703d7063dbac8041402eae96a250_r.jpg"">",1 条评论,发布于 2017-10-16,https://www.zhihu.com/question/66709471/answer/245016306,2 人赞同了该回答,发布于 2017-10-16 09:39,"[<Selector xpath='//h1[@class=""QuestionHeader-title""]/text()' data='网购官方旗舰店的护肤品跟在实体店买有很大的区别吗？'>, <Selector xpath='//h1[@class=""QuestionHeader-title""]/text()' data='网购官方旗舰店的护肤品跟在实体店买有很大的区别吗？'>]",浪里小草莓,//www.zhihu.com/people/lang-li-xiao-cao-mei-83
谢邀题主这个问题我也不好回答，可能我被各种小伙伴轰炸的，都不太敢淘宝上买护肤品了，因为经常看到朋友给我转什么新闻文章之类的，说某店家自制化妆品然后用高档化妆品盒包装，月销量几千。还有传什么旗舰店真假混卖，还有某店家批发一堆仿造产品，然后高价卖出。然后有点怕怕，所以基本不怎么在淘宝上买个护产品，不过经常买买好看的小裙子加上现在自己也做了一枚小港代，所以浏览淘宝次数也少了，基本都是自己亲自去买然后用～没事去扛几罐奶粉给小朋友，扛护肤品回家孝敬老妈。因为有些时候自己也分不出网上卖的产品的真假，所以，嗯 自己还是很少淘宝购买。另外护肤品这个东西，还涉及一个产地的问题，没有研究过实体店和网店的产地问题。不过就我个人过港采货来看，同款产品同样毫升专柜卖的是一个价，但美妆店又是一个价，貌似是因为专柜和美妆店的货的产地有时候不是一个地方，不同产品有些时候产地不一样可能成份也有一点点变化，所以价格也就有些许差距～,1 条评论,编辑于 2017-10-20,https://www.zhihu.com/question/66709471/answer/245016306,2 人赞同了该回答,发布于 2017-10-20 20:44,"[<Selector xpath='//h1[@class=""QuestionHeader-title""]/text()' data='网购官方旗舰店的护肤品跟在实体店买有很大的区别吗？'>, <Selector xpath='//h1[@class=""QuestionHeader-title""]/text()' data='网购官方旗舰店的护肤品跟在实体店买有很大的区别吗？'>]",浪里小草莓,//www.zhihu.com/people/lang-li-xiao-cao-mei-83
官方旗舰店一般都是直营，需要自己留心查一下店铺的工商信息是否为企业直营，存在假货的概率极低，也不会存在和专柜不同的品质差异，没有哪个品牌方会砸自己的招牌。,1 条评论,发布于 2017-10-16,https://www.zhihu.com/question/66709471/answer/245016306,2 人赞同了该回答,发布于 2017-10-16 18:31,"[<Selector xpath='//h1[@class=""QuestionHeader-title""]/text()' data='网购官方旗舰店的护肤品跟在实体店买有很大的区别吗？'>, <Selector xpath='//h1[@class=""QuestionHeader-title""]/text()' data='网购官方旗舰店的护肤品跟在实体店买有很大的区别吗？'>]",浪里小草莓,//www.zhihu.com/people/lang-li-xiao-cao-mei-83
,19 条评论,,https://www.zhihu.com/question/20600884/answer/87042035,199 人赞同了该回答,,"[<Selector xpath='//h1[@class=""QuestionHeader-title""]/text()' data='为什么la mer这个牌子这么昂贵？使用时需要注意什么？'>, <Selector xpath='//h1[@class=""QuestionHeader-title""]/text()' data='为什么la mer这个牌子这么昂贵？使用时需要注意什么？'>]",无畔,//www.zhihu.com/people/wu-pan-48-55
这个不太清楚，网购的话主要是不知道它的货源是真是假，不够令人放心。官方旗舰店的可能放心一些，不过个别也有假的。,1 条评论,发布于 2017-10-16,https://www.zhihu.com/question/66709471/answer/245016306,2 人赞同了该回答,发布于 2017-10-16 06:30,"[<Selector xpath='//h1[@class=""QuestionHeader-title""]/text()' data='网购官方旗舰店的护肤品跟在实体店买有很大的区别吗？'>, <Selector xpath='//h1[@class=""QuestionHeader-title""]/text()' data='网购官方旗舰店的护肤品跟在实体店买有很大的区别吗？'>]",浪里小草莓,//www.zhihu.com/people/lang-li-xiao-cao-mei-83
,1 条评论,,https://www.zhihu.com/question/66709471/answer/245016306,2 人赞同了该回答,,"[<Selector xpath='//h1[@class=""QuestionHeader-title""]/text()' data='网购官方旗舰店的护肤品跟在实体店买有很大的区别吗？'>, <Selector xpath='//h1[@class=""QuestionHeader-title""]/text()' data='网购官方旗舰店的护肤品跟在实体店买有很大的区别吗？'>]",浪里小草莓,//www.zhihu.com/people/lang-li-xiao-cao-mei-83
"天猫旗舰店不会有假货，但是一定要认清楚到底是不是这个品牌的旗舰店，有很多假旗舰店也进驻天猫了。。。那些可能卖假货的是天猫上的私人店铺。。。而且很多产品是＂电商专供＂，那这个就要注意了。品质要差一点，比如电子产品啥的~然后我看了一下别人怎么说的，因为我自己是没在天猫旗舰店买到次品或者假货，所以我还是把人家的经历贴上来做个参考吧<img src=""https://pic1.zhimg.com/v2-6218703d7063dbac8041402eae96a250_b.jpg"" data-caption="""" data-rawwidth=""703"" data-rawheight=""459"" class=""origin_image zh-lightbox-thumb"" width=""703"" data-original=""https://pic1.zhimg.com/v2-6218703d7063dbac8041402eae96a250_r.jpg"">",1 条评论,发布于 2017-10-16,https://www.zhihu.com/question/66709471/answer/245347149,2 人赞同了该回答,发布于 2017-10-16 09:39,"[<Selector xpath='//h1[@class=""QuestionHeader-title""]/text()' data='网购官方旗舰店的护肤品跟在实体店买有很大的区别吗？'>, <Selector xpath='//h1[@class=""QuestionHeader-title""]/text()' data='网购官方旗舰店的护肤品跟在实体店买有很大的区别吗？'>]",浪里小草莓,//www.zhihu.com/people/lang-li-xiao-cao-mei-83
article,comments,edit_time,link,praise,pub_time,que_name,user_id,user_link
注意不要失业或者离婚,19 条评论,发布于 2015-12-17,https://www.zhihu.com/question/20600884/answer/87042035,199 人赞同了该回答,发布于 2015-12-17 10:44,为什么la mer这个牌子这么昂贵？使用时需要注意什么？,无畔,https://www.zhihu.com/people/wu-pan-48-55
我不得不说这个问题太适合我来回答了，我真的从小就是易过敏肤质，就算正常的情况下，脸颊也经常会泛红，过于敏感。前段时间又过敏了，姐姐推荐我用一下海蓝之谜的神奇面霜，其实一开始我是拒绝的，因为很担心会有什么刺激，但是后来看网上那些很不错的消费反馈，经不住诱惑还是打算试一试。这个面霜质地真的很舒服，软软的水水的，放在手上用掌心温度乳化之后，轻轻拍在脸上，清清凉凉，没有什么负担感，我过敏的皮肤也没有感觉刺痛，就这样用了几次之后，泛红的地方淡了下去，过敏的症状也好了许多。后来才了解到海蓝之谜的神奇面霜蕴含品牌灵魂修护成分――神奇活性精萃 Miracle Broth，效果真的一级棒！我的第一瓶已经要空瓶了，打算无限回购！,19 条评论,发布于 2018-06-13,https://www.zhihu.com/question/20600884/answer/87042035,199 人赞同了该回答,发布于 2018-06-13 15:32,为什么la mer这个牌子这么昂贵？使用时需要注意什么？,无畔,https://www.zhihu.com/people/wu-pan-48-55
本人就是皮肤很干有痘印肤色不均买的LAMER的神奇面霜，开始用的第一周，感觉皮肤没那么粗糙。后面用了大概3周，满脸爆豆。不知道什么原因，有可能自己内分泌不好突然爆豆。但是我依然坚持用，现在用了大概1个半月，没觉得能去痘印，也没觉得能稳定什么，照样爆豆。整个下巴一带，右脸颊都是痘痘+印子，脸上也多了些粉刺。这就是我用LAMER一个月的感受！,19 条评论,发布于 2016-02-19,https://www.zhihu.com/question/20600884/answer/87042035,199 人赞同了该回答,发布于 2016-02-19 13:23,为什么la mer这个牌子这么昂贵？使用时需要注意什么？,无畔,https://www.zhihu.com/people/wu-pan-48-55
品牌溢价，跟奢侈品高价一个道理。但是让我不爽的是奢侈品起码还有历史，工艺摆在那里，但是lamer的成分表里根本没什么让人眼前一亮的东西。它宣传的“航天科学家被烧伤，然后发现深海海藻的修复能力，于是研制出lamer面霜”这个故事根本经不起推敲。对于真正的烧伤疤痕，至今仍是世界医学难题。海藻提取物应用在护肤品中也有多年历史了，除了保湿外远没有广告宣称那般神奇。事实上化妆品界号称的种种高科技护肤成分，都来自于例如陶氏，气巴这样的大型化工企业，化妆品公司要做的就是在它们每年研发的几百种成分里面选一种，然后加入产品中推广宣传而已。当然贵价护肤品肯定不会一无是处，同样的成分，光是乳化工艺好坏，使用感受就能天壤之别，lamer就是很好的例子，用很普通的成分，配合一流的工艺，做出很好的使用感受，但是使用感受和效果是两个问题。同样使用感很好的还有日系护肤品，日本的精细化工也是世界一流的。言归正传，lamer既然不是什么神乎其神的东西，随便往脸上抹就是了。,19 条评论,发布于 2012-11-18,https://www.zhihu.com/question/20600884/answer/87042035,199 人赞同了该回答,发布于 2012-11-18 20:13,为什么la mer这个牌子这么昂贵？使用时需要注意什么？,无畔,https://www.zhihu.com/people/wu-pan-48-55
因为我用的都是索菲娜百雀羚之类的护肤品，有段时间用了雅诗兰黛的面霜也没感觉和几十块钱的启初婴儿面霜有啥不一样，然后最近突然开始好奇好几千的护肤到底有啥效果？看了一圈回答，我就安心了，因为寻觅神奇效果的很多是问题肌肤朋友，用后感觉明显，而我皮肤不长痘，中性，不过敏……所以用啥都感觉不出来差别……我想说的是，皮肤没啥问题的姑娘们就别盲目跟风了，平时不要熬夜，适量运动出汗，饮食低脂低盐，多吃蔬菜，每日吃水果，尽量少吃人工添加糖等，保持好心情，自信一点。任何产品好不好，都是因人而异的。,19 条评论,发布于 2018-09-09,https://www.zhihu.com/question/20600884/answer/87042035,199 人赞同了该回答,发布于 2018-09-09 09:39,为什么la mer这个牌子这么昂贵？使用时需要注意什么？,无畔,https://www.zhihu.com/people/wu-pan-48-55
"我也不知道为何这么昂贵，在商场里除了莱柏妮，价格远超其他品牌。我只告诉你我的使用感受。本人年纪30+，几乎商场里所有所谓大牌都用过，比如SKII，sisley，EL，lancome，娇韵诗，这些都用过全套，神仙水用过七八瓶215ml的。雅顿，欧舒丹，倩碧，碧欧泉，albion等用过部分产品。上个月入手了全套lamer，1w+。我告诉你为什么。因为之前满脸爆痘，两颊一到下午就特别痒，用什么护肤品都只会加重（爆痘前都是正常用）。于是什么都不用了，但是也没好转。开始买了神奇面霜，用了一两次，痘还是正常起，但是两颊完全不痒了。给了我信心直接入了全套。晚上用了第二天破天荒的一个新痘没起，再没起过新痘。用的时间不长，不知道对痘印效果如何。但是lamer主打修复功能确实非常NB。不要说什么成分不值钱也没有前沿科技成分。它的效果就是这么NB。我打算一直用下去，虽然贵，但是值。没用完的其他牌子都用来抹脖子了^_^<img data-rawwidth=""640"" data-rawheight=""480"" src=""https://pic1.zhimg.com/8eb2d8d364d88799db8821baaec91d48_b.jpg"" class=""origin_image zh-lightbox-thumb"" width=""640"" data-original=""https://pic1.zhimg.com/8eb2d8d364d88799db8821baaec91d48_r.jpg"">",19 条评论,发布于 2015-09-27,https://www.zhihu.com/question/20600884/answer/87042035,199 人赞同了该回答,发布于 2015-09-27 08:23,为什么la mer这个牌子这么昂贵？使用时需要注意什么？,无畔,https://www.zhihu.com/people/wu-pan-48-55
"惯例先说结论：1、男生护肤不是娘，男生化妆才是娘；2、男生不用像女生那样精致，但也需要对皮肤有一定的保养，毕竟良好的肤色是一个人气质的重要体现；3、找到适合自己的护肤方式，产品，然后坚持下去，不要懒；4、皱纹是不可逆的，护肤重要的是补水，保湿和防晒；下面是我的护肤方式：1、生活方式：1）早睡早起；11点前入睡，6点左右起床，规律作息是护肤的第一要素，熬夜后不仅身体疲惫不堪，皮肤也会松弛，皱纹也感觉越发明显；2）少吃糖；吃糖容易引起皮肤的糖化反应，加速皮肤的老化，所以要戒掉一切甜品；3）防晒；出门前20分钟必须涂防晒霜，紫外线是加速皮肤老化的第一元凶；日常通勤可以选择SPF30+即可满足；4）多喝水，多喝牛奶，水中可以加入柠檬片或者蜂蜜，早起一杯蜂蜜水；喝牛奶可以美白；5）补充维生C和E ，Vitamin E是很好的抗氧化剂，可以延缓皮肤老化；这里建议去药店购买药品的补充维生C和E ，效果要好于保健品，价格也优惠很多；6）睡前一杯红酒，既可以美容养颜又可以软化血管，还比较容易入睡；7）多运动多流汗，答主本人每天平均运动2-3小时的时间；运动可以加快身体的新陈代谢；8 ) 枕套要一周一洗一换;2、护肤品：1）护肤品买贵的不如买适合自己的，适合自己的皮肤，也适合自己的经济条件；2）护肤顺序是洗面奶洁面（早上不用）― 爽肤水 ― 精华 ― 眼霜 ― 面霜 ― 防晒 （晚上不用） 早起和睡前按照上述顺序各一次；3）面膜只能起到临时补水的作用，长期来看对皮肤的好处不大，且面膜的保质期都很长，里面含有大量防腐剂；如果一定要用面膜找到安全感，建议使用前男友面膜（SK-II ）4）建议使用成套的护肤品，不建议使用国产品牌；5）脖子也需要重点保护，颈纹是一种很可怕的存在；6）洗面奶推荐：肌研极润洁面乳<img src=""https://pic1.zhimg.com/v2-259efb75b547682cc148622c4db4b5fc_b.jpg"" data-rawwidth=""742"" data-rawheight=""450"" data-size=""normal"" data-caption="""" data-default-watermark-src=""https://pic4.zhimg.com/v2-be4aac2a3bde17b7b128f9a0388046bb_b.jpg"" class=""origin_image zh-lightbox-thumb"" width=""742"" data-original=""https://pic1.zhimg.com/v2-259efb75b547682cc148622c4db4b5fc_r.jpg"">优势：弱碱性，无香料，无色素，成分含量表中没有水杨酸，敏感肌或者干性皮肤可以放心使用，洁面后脸也不会感觉很干；价格也便宜（0670）是很多学生党的选择；7）爽肤水+精华+眼霜+面霜推荐：OLAY新生塑颜系列<img src=""https://pic2.zhimg.com/v2-36b58f372318ea00fda585684fc73eb1_b.jpg"" data-rawwidth=""837"" data-rawheight=""662"" data-size=""normal"" data-caption="""" data-default-watermark-src=""https://pic2.zhimg.com/v2-25186924b2a0a64a4bd49f6d7b3e6f59_b.jpg"" class=""origin_image zh-lightbox-thumb"" width=""837"" data-original=""https://pic2.zhimg.com/v2-36b58f372318ea00fda585684fc73eb1_r.jpg"">优势：性价比很高，一套护肤品06800左右，可以在双11时购买4套，就够全年的使用啦；而且还会给很多赠品；成分表中含有olay专有的烟酰胺，抗皱效果还是有一点的；比较适合26或28岁以上的人群；（护肤品不分男女的喔）8）防晒：曼秀雷敦新碧水薄清爽防晒露<img src=""https://pic3.zhimg.com/v2-0073a8e2733e72abed24c5e93344867a_b.jpg"" data-rawwidth=""846"" data-rawheight=""446"" data-size=""normal"" data-caption="""" data-default-watermark-src=""https://pic2.zhimg.com/v2-b8ca9d2a266bd03ab82b8fb853f25e55_b.jpg"" class=""origin_image zh-lightbox-thumb"" width=""846"" data-original=""https://pic3.zhimg.com/v2-0073a8e2733e72abed24c5e93344867a_r.jpg"">优势：不油腻！！！是真的不油腻；价格实惠 0670 左右9）蜂蜜：同仁堂蜂蜜<img src=""https://pic2.zhimg.com/v2-e85798238168300d39e0f57581f4fb05_b.jpg"" data-rawwidth=""456"" data-rawheight=""411"" data-size=""normal"" data-caption="""" data-default-watermark-src=""https://pic4.zhimg.com/v2-23e7cd73c88eaf166176abcec6078e4b_b.jpg"" class=""origin_image zh-lightbox-thumb"" width=""456"" data-original=""https://pic2.zhimg.com/v2-e85798238168300d39e0f57581f4fb05_r.jpg"">优势：可能就是因为感觉瓶子好看，或者品牌比较大吧10）维生C和E：<img src=""https://pic4.zhimg.com/v2-6dab3ddcc8e747a64ccf4c5d95e9cec7_b.jpg"" data-rawwidth=""341"" data-rawheight=""395"" data-size=""normal"" data-caption="""" data-default-watermark-src=""https://pic3.zhimg.com/v2-bbf31de15764fbc625a11287462095da_b.jpg"" class=""content_image"" width=""341""><img src=""https://pic4.zhimg.com/v2-0ff403bac63a99c60b40c5c2e4f8851f_b.jpg"" data-rawwidth=""490"" data-rawheight=""303"" data-size=""normal"" data-caption="""" data-default-watermark-src=""https://pic1.zhimg.com/v2-556aee4e1a63aec50f29b81a0accaaf4_b.jpg"" class=""origin_image zh-lightbox-thumb"" width=""490"" data-original=""https://pic4.zhimg.com/v2-0ff403bac63a99c60b40c5c2e4f8851f_r.jpg""><img src=""https://pic4.zhimg.com/v2-fa8c591809e8967bbe7409fd6ec7c73b_b.jpg"" data-rawwidth=""444"" data-rawheight=""393"" data-size=""normal"" data-caption="""" data-default-watermark-src=""https://pic3.zhimg.com/v2-153790cfc288998b7570b10e193008d2_b.jpg"" class=""origin_image zh-lightbox-thumb"" width=""444"" data-original=""https://pic4.zhimg.com/v2-fa8c591809e8967bbe7409fd6ec7c73b_r.jpg"">善存的优势：善存可以补充多种维生素和矿物质，建议购买佳维片，佳维片是保健食品；无论是维生素C E 还是善存，不建议每天使用，建议根据自己当天蔬菜和水果的摄入情况而定；11）身体乳推荐：多芬Dove保湿滋润身体乳<img src=""https://pic2.zhimg.com/v2-5baa56fa27418a9e2ddd80f1c7dde8d1_b.jpg"" data-rawwidth=""747"" data-rawheight=""370"" data-size=""normal"" data-caption="""" data-default-watermark-src=""https://pic4.zhimg.com/v2-8b4699de4e8fc12beedb685cef144abf_b.jpg"" class=""origin_image zh-lightbox-thumb"" width=""747"" data-original=""https://pic2.zhimg.com/v2-5baa56fa27418a9e2ddd80f1c7dde8d1_r.jpg"">优势：主要用来涂脖子，男生不用涂身体（太娘），性价比高，价格实惠 06 35 一瓶可以用半年；有条件的当然选择用娇韵诗哈12）牛奶推荐：伊利拜拜君脱脂牛奶<img src=""https://pic3.zhimg.com/v2-743ca5d3e6947632630bc2833dca7e6a_b.jpg"" data-rawwidth=""437"" data-rawheight=""313"" data-size=""normal"" data-caption="""" data-default-watermark-src=""https://pic1.zhimg.com/v2-6dcad8ec4800e9214b539466ca3af418_b.jpg"" class=""origin_image zh-lightbox-thumb"" width=""437"" data-original=""https://pic3.zhimg.com/v2-743ca5d3e6947632630bc2833dca7e6a_r.jpg"">优势：脱脂牛奶，健身人士可选；不喜欢国外牛奶的味道，所以选择伊利13）吸油纸：曼秀雷敦吸油纸<img src=""https://pic2.zhimg.com/v2-788582361d2f463b386c5f7adc93d409_b.jpg"" data-rawwidth=""417"" data-rawheight=""320"" data-size=""normal"" data-caption="""" data-default-watermark-src=""https://pic3.zhimg.com/v2-a1cdbf77b04e647c6b36713a7a865ec2_b.jpg"" class=""content_image"" width=""417"">优势：如果是油性皮肤或者混合性皮肤，需要使用吸油纸隔断时间吸取面部油脂，避免毛孔堵塞，长痘痘或者黑头；写在最后的话：上面这些只是目前答主自己的护肤方式，大家要根据自己的肤质，喜好和经济条件来选择适合自己的方式；剩下的就是不能懒，要持之以恒的； 最后希望大家都拥有好的皮肤，越来越健康；",添加评论,编辑于 2018-10-22,https://www.zhihu.com/question/263503022/answer/516192531,20 人赞同了该回答,发布于 2018-10-22 21:16,男士护肤方式？,舒克贝塔,https://www.zhihu.com/people/lu-chuang-34
你用的护肤品和祛痘产品里含有激素,添加评论,发布于 2017-12-09,https://www.zhihu.com/question/263503022/answer/516192531,20 人赞同了该回答,发布于 2017-12-09 16:53,男士护肤方式？,舒克贝塔,https://www.zhihu.com/people/lu-chuang-34
,添加评论,,https://www.zhihu.com/question/263503022/answer/516192531,20 人赞同了该回答,,男士护肤方式？,舒克贝塔,https://www.zhihu.com/people/lu-chuang-34
"天猫旗舰店不会有假货，但是一定要认清楚到底是不是这个品牌的旗舰店，有很多假旗舰店也进驻天猫了。。。那些可能卖假货的是天猫上的私人店铺。。。而且很多产品是＂电商专供＂，那这个就要注意了。品质要差一点，比如电子产品啥的~然后我看了一下别人怎么说的，因为我自己是没在天猫旗舰店买到次品或者假货，所以我还是把人家的经历贴上来做个参考吧<img src=""https://pic1.zhimg.com/v2-6218703d7063dbac8041402eae96a250_b.jpg"" data-caption="""" data-rawwidth=""703"" data-rawheight=""459"" class=""origin_image zh-lightbox-thumb"" width=""703"" data-original=""https://pic1.zhimg.com/v2-6218703d7063dbac8041402eae96a250_r.jpg"">",1 条评论,发布于 2017-10-16,https://www.zhihu.com/question/66709471/answer/245016306,2 人赞同了该回答,发布于 2017-10-16 09:39,网购官方旗舰店的护肤品跟在实体店买有很大的区别吗？,浪里小草莓,https://www.zhihu.com/people/lang-li-xiao-cao-mei-83
谢邀题主这个问题我也不好回答，可能我被各种小伙伴轰炸的，都不太敢淘宝上买护肤品了，因为经常看到朋友给我转什么新闻文章之类的，说某店家自制化妆品然后用高档化妆品盒包装，月销量几千。还有传什么旗舰店真假混卖，还有某店家批发一堆仿造产品，然后高价卖出。然后有点怕怕，所以基本不怎么在淘宝上买个护产品，不过经常买买好看的小裙子加上现在自己也做了一枚小港代，所以浏览淘宝次数也少了，基本都是自己亲自去买然后用～没事去扛几罐奶粉给小朋友，扛护肤品回家孝敬老妈。因为有些时候自己也分不出网上卖的产品的真假，所以，嗯 自己还是很少淘宝购买。另外护肤品这个东西，还涉及一个产地的问题，没有研究过实体店和网店的产地问题。不过就我个人过港采货来看，同款产品同样毫升专柜卖的是一个价，但美妆店又是一个价，貌似是因为专柜和美妆店的货的产地有时候不是一个地方，不同产品有些时候产地不一样可能成份也有一点点变化，所以价格也就有些许差距～,1 条评论,编辑于 2017-10-20,https://www.zhihu.com/question/66709471/answer/245016306,2 人赞同了该回答,发布于 2017-10-20 20:44,网购官方旗舰店的护肤品跟在实体店买有很大的区别吗？,浪里小草莓,https://www.zhihu.com/people/lang-li-xiao-cao-mei-83
官方旗舰店一般都是直营，需要自己留心查一下店铺的工商信息是否为企业直营，存在假货的概率极低，也不会存在和专柜不同的品质差异，没有哪个品牌方会砸自己的招牌。,1 条评论,发布于 2017-10-16,https://www.zhihu.com/question/66709471/answer/245016306,2 人赞同了该回答,发布于 2017-10-16 18:31,网购官方旗舰店的护肤品跟在实体店买有很大的区别吗？,浪里小草莓,https://www.zhihu.com/people/lang-li-xiao-cao-mei-83
这个不太清楚，网购的话主要是不知道它的货源是真是假，不够令人放心。官方旗舰店的可能放心一些，不过个别也有假的。,1 条评论,发布于 2017-10-16,https://www.zhihu.com/question/66709471/answer/245016306,2 人赞同了该回答,发布于 2017-10-16 06:30,网购官方旗舰店的护肤品跟在实体店买有很大的区别吗？,浪里小草莓,https://www.zhihu.com/people/lang-li-xiao-cao-mei-83
我不是学什么生物化学之类的，文科生对成份没什么太多见地。只知道效果是真心好，贵还是有贵的价值。我是今年暑假回国前买了一个面霜的set，15ml＋60ml两瓶，确实很划算，没抵挡住sales和朋友在旁边煽风点火说马上就到一年一度的涨价了，这一点上Lamer和奢侈品一样，每年都有10%左右的增幅。本人混干，总体来说皮肤没什么大问题，脸颊两侧有一点淡斑。坐标美国东北部，对于从江南来的我来说这边还是比较干燥的，所以我入的是中等保湿程度的soft cream，用了一周感觉很好，接着就回国了。我家夏天比较湿热，用起来感觉皮肤一直油油的，加上后来去泰国和香港这些更湿热的地方待了二十来天，只能换成送的gel的小样了，不过好在我不是容易爆痘的肤质，就算油也只是毛孔明显一点。因为在美国习惯了不撑伞，所以整个夏天我几乎除了防晒霜没有任何防晒措施，开学之后回来去做facial，美容师说我肤质状况比回家之前好很多，也没有怎么晒黑，我这才意识到Lamer的功效。感受到了Lamer的神奇之后，接着又入了一瓶美白精华，期间跟朋友去了一次加勒比海，也是各种暴晒，不仅没有变黑，还有人说我越来越白了。其实在买美白精华之前参考了很多帖子和美妆博主的建议，很少有人推荐Lamer的美白精华，我感觉可能是因为价格吧，确实比起知名度和口碑很好的SK2小灯泡还要贵不少，但是效果是实打实的，所以我打算用完现在这套CPB之后全线换成Lamer。最后说一句，效果好不好，都是自己试出来的。,19 条评论,发布于 2016-01-31,https://www.zhihu.com/question/20600884/answer/87042035,199 人赞同了该回答,发布于 2016-01-31 08:41,为什么la mer这个牌子这么昂贵？使用时需要注意什么？,无畔,https://www.zhihu.com/people/wu-pan-48-55
因为lamer是微生物发酵产物。SK-2神仙水也一样。化学成分是有限的，结构式知道，工艺路线总会出来的。微生物产物就是无限的了。一定是混合物。微生物也不一定是单一的，很可能是复合的。21世纪是生物学的世纪，对硕士博士来说可能是坑，但是最顶尖的最前沿的，一定是生物的。,19 条评论,发布于 2015-06-05,https://www.zhihu.com/question/20600884/answer/87042035,199 人赞同了该回答,发布于 2015-06-05 20:58,为什么la mer这个牌子这么昂贵？使用时需要注意什么？,无畔,https://www.zhihu.com/people/wu-pan-48-55
,1 条评论,,https://www.zhihu.com/question/66709471/answer/245016306,2 人赞同了该回答,,网购官方旗舰店的护肤品跟在实体店买有很大的区别吗？,浪里小草莓,https://www.zhihu.com/people/lang-li-xiao-cao-mei-83
,19 条评论,,https://www.zhihu.com/question/20600884/answer/87042035,199 人赞同了该回答,,为什么la mer这个牌子这么昂贵？使用时需要注意什么？,无畔,https://www.zhihu.com/people/wu-pan-48-55
article,comments,edit_time,link,praise,pub_time,que_name,user_id,user_link
"天猫旗舰店不会有假货，但是一定要认清楚到底是不是这个品牌的旗舰店，有很多假旗舰店也进驻天猫了。。。那些可能卖假货的是天猫上的私人店铺。。。而且很多产品是＂电商专供＂，那这个就要注意了。品质要差一点，比如电子产品啥的~然后我看了一下别人怎么说的，因为我自己是没在天猫旗舰店买到次品或者假货，所以我还是把人家的经历贴上来做个参考吧<img src=""https://pic1.zhimg.com/v2-6218703d7063dbac8041402eae96a250_b.jpg"" data-caption="""" data-rawwidth=""703"" data-rawheight=""459"" class=""origin_image zh-lightbox-thumb"" width=""703"" data-original=""https://pic1.zhimg.com/v2-6218703d7063dbac8041402eae96a250_r.jpg"">",1 条评论,发布于 2017-10-16,https://www.zhihu.com/question/66709471/answer/245016306,2 人赞同了该回答,发布于 2017-10-16 09:39,网购官方旗舰店的护肤品跟在实体店买有很大的区别吗？,浪里小草莓,https://www.zhihu.com/people/lang-li-xiao-cao-mei-83
谢邀题主这个问题我也不好回答，可能我被各种小伙伴轰炸的，都不太敢淘宝上买护肤品了，因为经常看到朋友给我转什么新闻文章之类的，说某店家自制化妆品然后用高档化妆品盒包装，月销量几千。还有传什么旗舰店真假混卖，还有某店家批发一堆仿造产品，然后高价卖出。然后有点怕怕，所以基本不怎么在淘宝上买个护产品，不过经常买买好看的小裙子加上现在自己也做了一枚小港代，所以浏览淘宝次数也少了，基本都是自己亲自去买然后用～没事去扛几罐奶粉给小朋友，扛护肤品回家孝敬老妈。因为有些时候自己也分不出网上卖的产品的真假，所以，嗯 自己还是很少淘宝购买。另外护肤品这个东西，还涉及一个产地的问题，没有研究过实体店和网店的产地问题。不过就我个人过港采货来看，同款产品同样毫升专柜卖的是一个价，但美妆店又是一个价，貌似是因为专柜和美妆店的货的产地有时候不是一个地方，不同产品有些时候产地不一样可能成份也有一点点变化，所以价格也就有些许差距～,2 条评论,编辑于 2017-10-20,https://www.zhihu.com/question/66709471/answer/245016306,,发布于 2017-10-20 20:44,网购官方旗舰店的护肤品跟在实体店买有很大的区别吗？,TAL,https://www.zhihu.com/people/tal-7
官方旗舰店一般都是直营，需要自己留心查一下店铺的工商信息是否为企业直营，存在假货的概率极低，也不会存在和专柜不同的品质差异，没有哪个品牌方会砸自己的招牌。,添加评论,发布于 2017-10-16,https://www.zhihu.com/question/66709471/answer/245016306,,发布于 2017-10-16 18:31,网购官方旗舰店的护肤品跟在实体店买有很大的区别吗？,雨溪,https://www.zhihu.com/people/yu-xi-38-12
这个不太清楚，网购的话主要是不知道它的货源是真是假，不够令人放心。官方旗舰店的可能放心一些，不过个别也有假的。,1 条评论,发布于 2017-10-16,https://www.zhihu.com/question/66709471/answer/245016306,,发布于 2017-10-16 06:30,网购官方旗舰店的护肤品跟在实体店买有很大的区别吗？,飞妈HK,https://www.zhihu.com/people/mu-zi-lee-xiang-gang-dai-gou
"天猫旗舰店不会有假货，但是一定要认清楚到底是不是这个品牌的旗舰店，有很多假旗舰店也进驻天猫了。。。那些可能卖假货的是天猫上的私人店铺。。。而且很多产品是＂电商专供＂，那这个就要注意了。品质要差一点，比如电子产品啥的~然后我看了一下别人怎么说的，因为我自己是没在天猫旗舰店买到次品或者假货，所以我还是把人家的经历贴上来做个参考吧<img src=""https://pic1.zhimg.com/v2-6218703d7063dbac8041402eae96a250_b.jpg"" data-caption="""" data-rawwidth=""703"" data-rawheight=""459"" class=""origin_image zh-lightbox-thumb"" width=""703"" data-original=""https://pic1.zhimg.com/v2-6218703d7063dbac8041402eae96a250_r.jpg"">",1 条评论,发布于 2017-10-16,https://www.zhihu.com/question/66709471/answer/245347149,2 人赞同了该回答,发布于 2017-10-16 09:39,网购官方旗舰店的护肤品跟在实体店买有很大的区别吗？,浪里小草莓,https://www.zhihu.com/people/lang-li-xiao-cao-mei-83
"惯例先说结论：1、男生护肤不是娘，男生化妆才是娘；2、男生不用像女生那样精致，但也需要对皮肤有一定的保养，毕竟良好的肤色是一个人气质的重要体现；3、找到适合自己的护肤方式，产品，然后坚持下去，不要懒；4、皱纹是不可逆的，护肤重要的是补水，保湿和防晒；下面是我的护肤方式：1、生活方式：1）早睡早起；11点前入睡，6点左右起床，规律作息是护肤的第一要素，熬夜后不仅身体疲惫不堪，皮肤也会松弛，皱纹也感觉越发明显；2）少吃糖；吃糖容易引起皮肤的糖化反应，加速皮肤的老化，所以要戒掉一切甜品；3）防晒；出门前20分钟必须涂防晒霜，紫外线是加速皮肤老化的第一元凶；日常通勤可以选择SPF30+即可满足；4）多喝水，多喝牛奶，水中可以加入柠檬片或者蜂蜜，早起一杯蜂蜜水；喝牛奶可以美白；5）补充维生C和E ，Vitamin E是很好的抗氧化剂，可以延缓皮肤老化；这里建议去药店购买药品的补充维生C和E ，效果要好于保健品，价格也优惠很多；6）睡前一杯红酒，既可以美容养颜又可以软化血管，还比较容易入睡；7）多运动多流汗，答主本人每天平均运动2-3小时的时间；运动可以加快身体的新陈代谢；8 ) 枕套要一周一洗一换;2、护肤品：1）护肤品买贵的不如买适合自己的，适合自己的皮肤，也适合自己的经济条件；2）护肤顺序是洗面奶洁面（早上不用）― 爽肤水 ― 精华 ― 眼霜 ― 面霜 ― 防晒 （晚上不用） 早起和睡前按照上述顺序各一次；3）面膜只能起到临时补水的作用，长期来看对皮肤的好处不大，且面膜的保质期都很长，里面含有大量防腐剂；如果一定要用面膜找到安全感，建议使用前男友面膜（SK-II ）4）建议使用成套的护肤品，不建议使用国产品牌；5）脖子也需要重点保护，颈纹是一种很可怕的存在；6）洗面奶推荐：肌研极润洁面乳<img src=""https://pic1.zhimg.com/v2-259efb75b547682cc148622c4db4b5fc_b.jpg"" data-rawwidth=""742"" data-rawheight=""450"" data-size=""normal"" data-caption="""" data-default-watermark-src=""https://pic4.zhimg.com/v2-be4aac2a3bde17b7b128f9a0388046bb_b.jpg"" class=""origin_image zh-lightbox-thumb"" width=""742"" data-original=""https://pic1.zhimg.com/v2-259efb75b547682cc148622c4db4b5fc_r.jpg"">优势：弱碱性，无香料，无色素，成分含量表中没有水杨酸，敏感肌或者干性皮肤可以放心使用，洁面后脸也不会感觉很干；价格也便宜（0670）是很多学生党的选择；7）爽肤水+精华+眼霜+面霜推荐：OLAY新生塑颜系列<img src=""https://pic2.zhimg.com/v2-36b58f372318ea00fda585684fc73eb1_b.jpg"" data-rawwidth=""837"" data-rawheight=""662"" data-size=""normal"" data-caption="""" data-default-watermark-src=""https://pic2.zhimg.com/v2-25186924b2a0a64a4bd49f6d7b3e6f59_b.jpg"" class=""origin_image zh-lightbox-thumb"" width=""837"" data-original=""https://pic2.zhimg.com/v2-36b58f372318ea00fda585684fc73eb1_r.jpg"">优势：性价比很高，一套护肤品06800左右，可以在双11时购买4套，就够全年的使用啦；而且还会给很多赠品；成分表中含有olay专有的烟酰胺，抗皱效果还是有一点的；比较适合26或28岁以上的人群；（护肤品不分男女的喔）8）防晒：曼秀雷敦新碧水薄清爽防晒露<img src=""https://pic3.zhimg.com/v2-0073a8e2733e72abed24c5e93344867a_b.jpg"" data-rawwidth=""846"" data-rawheight=""446"" data-size=""normal"" data-caption="""" data-default-watermark-src=""https://pic2.zhimg.com/v2-b8ca9d2a266bd03ab82b8fb853f25e55_b.jpg"" class=""origin_image zh-lightbox-thumb"" width=""846"" data-original=""https://pic3.zhimg.com/v2-0073a8e2733e72abed24c5e93344867a_r.jpg"">优势：不油腻！！！是真的不油腻；价格实惠 0670 左右9）蜂蜜：同仁堂蜂蜜<img src=""https://pic2.zhimg.com/v2-e85798238168300d39e0f57581f4fb05_b.jpg"" data-rawwidth=""456"" data-rawheight=""411"" data-size=""normal"" data-caption="""" data-default-watermark-src=""https://pic4.zhimg.com/v2-23e7cd73c88eaf166176abcec6078e4b_b.jpg"" class=""origin_image zh-lightbox-thumb"" width=""456"" data-original=""https://pic2.zhimg.com/v2-e85798238168300d39e0f57581f4fb05_r.jpg"">优势：可能就是因为感觉瓶子好看，或者品牌比较大吧10）维生C和E：<img src=""https://pic4.zhimg.com/v2-6dab3ddcc8e747a64ccf4c5d95e9cec7_b.jpg"" data-rawwidth=""341"" data-rawheight=""395"" data-size=""normal"" data-caption="""" data-default-watermark-src=""https://pic3.zhimg.com/v2-bbf31de15764fbc625a11287462095da_b.jpg"" class=""content_image"" width=""341""><img src=""https://pic4.zhimg.com/v2-0ff403bac63a99c60b40c5c2e4f8851f_b.jpg"" data-rawwidth=""490"" data-rawheight=""303"" data-size=""normal"" data-caption="""" data-default-watermark-src=""https://pic1.zhimg.com/v2-556aee4e1a63aec50f29b81a0accaaf4_b.jpg"" class=""origin_image zh-lightbox-thumb"" width=""490"" data-original=""https://pic4.zhimg.com/v2-0ff403bac63a99c60b40c5c2e4f8851f_r.jpg""><img src=""https://pic4.zhimg.com/v2-fa8c591809e8967bbe7409fd6ec7c73b_b.jpg"" data-rawwidth=""444"" data-rawheight=""393"" data-size=""normal"" data-caption="""" data-default-watermark-src=""https://pic3.zhimg.com/v2-153790cfc288998b7570b10e193008d2_b.jpg"" class=""origin_image zh-lightbox-thumb"" width=""444"" data-original=""https://pic4.zhimg.com/v2-fa8c591809e8967bbe7409fd6ec7c73b_r.jpg"">善存的优势：善存可以补充多种维生素和矿物质，建议购买佳维片，佳维片是保健食品；无论是维生素C E 还是善存，不建议每天使用，建议根据自己当天蔬菜和水果的摄入情况而定；11）身体乳推荐：多芬Dove保湿滋润身体乳<img src=""https://pic2.zhimg.com/v2-5baa56fa27418a9e2ddd80f1c7dde8d1_b.jpg"" data-rawwidth=""747"" data-rawheight=""370"" data-size=""normal"" data-caption="""" data-default-watermark-src=""https://pic4.zhimg.com/v2-8b4699de4e8fc12beedb685cef144abf_b.jpg"" class=""origin_image zh-lightbox-thumb"" width=""747"" data-original=""https://pic2.zhimg.com/v2-5baa56fa27418a9e2ddd80f1c7dde8d1_r.jpg"">优势：主要用来涂脖子，男生不用涂身体（太娘），性价比高，价格实惠 06 35 一瓶可以用半年；有条件的当然选择用娇韵诗哈12）牛奶推荐：伊利拜拜君脱脂牛奶<img src=""https://pic3.zhimg.com/v2-743ca5d3e6947632630bc2833dca7e6a_b.jpg"" data-rawwidth=""437"" data-rawheight=""313"" data-size=""normal"" data-caption="""" data-default-watermark-src=""https://pic1.zhimg.com/v2-6dcad8ec4800e9214b539466ca3af418_b.jpg"" class=""origin_image zh-lightbox-thumb"" width=""437"" data-original=""https://pic3.zhimg.com/v2-743ca5d3e6947632630bc2833dca7e6a_r.jpg"">优势：脱脂牛奶，健身人士可选；不喜欢国外牛奶的味道，所以选择伊利13）吸油纸：曼秀雷敦吸油纸<img src=""https://pic2.zhimg.com/v2-788582361d2f463b386c5f7adc93d409_b.jpg"" data-rawwidth=""417"" data-rawheight=""320"" data-size=""normal"" data-caption="""" data-default-watermark-src=""https://pic3.zhimg.com/v2-a1cdbf77b04e647c6b36713a7a865ec2_b.jpg"" class=""content_image"" width=""417"">优势：如果是油性皮肤或者混合性皮肤，需要使用吸油纸隔断时间吸取面部油脂，避免毛孔堵塞，长痘痘或者黑头；写在最后的话：上面这些只是目前答主自己的护肤方式，大家要根据自己的肤质，喜好和经济条件来选择适合自己的方式；剩下的就是不能懒，要持之以恒的； 最后希望大家都拥有好的皮肤，越来越健康；",,编辑于 2018-10-22,https://www.zhihu.com/question/263503022/answer/516192531,20 人赞同了该回答,发布于 2018-10-22 21:16,男士护肤方式？,舒克贝塔,https://www.zhihu.com/people/lu-chuang-34
你用的护肤品和祛痘产品里含有激素,添加评论,发布于 2017-12-09,https://www.zhihu.com/question/263503022/answer/516192531,,发布于 2017-12-09 16:53,男士护肤方式？,护肤小蜜蜂,https://www.zhihu.com/people/reseted1511257175808
谢邀题主这个问题我也不好回答，可能我被各种小伙伴轰炸的，都不太敢淘宝上买护肤品了，因为经常看到朋友给我转什么新闻文章之类的，说某店家自制化妆品然后用高档化妆品盒包装，月销量几千。还有传什么旗舰店真假混卖，还有某店家批发一堆仿造产品，然后高价卖出。然后有点怕怕，所以基本不怎么在淘宝上买个护产品，不过经常买买好看的小裙子加上现在自己也做了一枚小港代，所以浏览淘宝次数也少了，基本都是自己亲自去买然后用～没事去扛几罐奶粉给小朋友，扛护肤品回家孝敬老妈。因为有些时候自己也分不出网上卖的产品的真假，所以，嗯 自己还是很少淘宝购买。另外护肤品这个东西，还涉及一个产地的问题，没有研究过实体店和网店的产地问题。不过就我个人过港采货来看，同款产品同样毫升专柜卖的是一个价，但美妆店又是一个价，貌似是因为专柜和美妆店的货的产地有时候不是一个地方，不同产品有些时候产地不一样可能成份也有一点点变化，所以价格也就有些许差距～,2 条评论,编辑于 2017-10-20,https://www.zhihu.com/question/66709471/answer/245347149,,发布于 2017-10-20 20:44,网购官方旗舰店的护肤品跟在实体店买有很大的区别吗？,TAL,https://www.zhihu.com/people/tal-7
官方旗舰店一般都是直营，需要自己留心查一下店铺的工商信息是否为企业直营，存在假货的概率极低，也不会存在和专柜不同的品质差异，没有哪个品牌方会砸自己的招牌。,添加评论,发布于 2017-10-16,https://www.zhihu.com/question/66709471/answer/245347149,,发布于 2017-10-16 18:31,网购官方旗舰店的护肤品跟在实体店买有很大的区别吗？,雨溪,https://www.zhihu.com/people/yu-xi-38-12
这个不太清楚，网购的话主要是不知道它的货源是真是假，不够令人放心。官方旗舰店的可能放心一些，不过个别也有假的。,1 条评论,发布于 2017-10-16,https://www.zhihu.com/question/66709471/answer/245347149,,发布于 2017-10-16 06:30,网购官方旗舰店的护肤品跟在实体店买有很大的区别吗？,飞妈HK,https://www.zhihu.com/people/mu-zi-lee-xiang-gang-dai-gou
"――――――――――6/17更新今天早上就到货了，成功抢到盒子，开心耶耶耶。盒子里面有一个红胖子气垫，一个替换装，单独一个字母不一样的粉扑(私心希望前多少名的送的粉扑上写的是CXK嘿嘿嘿63 6165)，还有两个小洗面奶，一个小卸妆水。不知道为啥，我买到的胖子没有香味，就无味的那种。不过没关系，我还有香水嘻嘻～然后试了一下色号，N1白皙，相较之下R2更粉嫩。个人推荐，萌妹可爱妆适用R2，御姐冷面妆就N1。做好妆前保湿，只要不大量出汗出油，可以说妆面完整，也非常持久。总的来说，送的这么多，非常划算，很白菜价了。――――――――原答案我先报肤质大白皮，时而冷色时而暖色，超级无敌敏感肌肤，至今没找到一款能让我脸不感到痛的那种，T区油其他干燥容易脱皮然后讲一下我高中党，单身狗，学校无帅哥，就懒得化妆，属于化妆小白，用过菲丽菲拉(我买错色号了，自然色真的巨黄...)，忘记哪款了，反正丢了，感观不怎么好正好为爱发电，今天下单了红胖子，然后担心自己买的象牙白会不会不适合自己，或者质量不好，就厚脸皮跑去柜台专门试了一下(然后没买，被柜姐翻白眼...)怕粉丝滤镜，我先摘眼镜<img src=""https://pic3.zhimg.com/v2-7258cf8e15fe5dbecfb00dc6a0231752_b.jpg"" data-rawwidth=""440"" data-rawheight=""411"" data-size=""small"" data-default-watermark-src=""https://pic3.zhimg.com/v2-ac1b24e66bd95cb9899d38e50b1a0ffe_b.jpg"" class=""origin_image zh-lightbox-thumb"" width=""440"" data-original=""https://pic3.zhimg.com/v2-7258cf8e15fe5dbecfb00dc6a0231752_r.jpg"">理性讨论，有一说一①质量包装手感拿在手里有沉感，但本身并不是很沉，壳子质感摸起来很棒，光滑，是玻璃和金属的沉手感使用方面打的少就很轻薄，妆感很自然打的重就焖皮肤，妆感比较重，但比我之前用的某韩妆牌看起来自然多了(个人认为只要不是使劲扑好几层，都很nice)皮肤接受度我开头就说了我的肤质，红胖子我用着不疼脸，就...没什么感觉吧(这里说句题外话，养生堂是坤坤试用过才接的，他是易过敏体质，会对灰尘过敏的那种，就算单冲这个我都会忍不住去买。用了真的很棒，对于我来说真的一点都不刺激，要知道我以前用的各种面膜都扎脸...终于找到救星了，哭唧唧)②味道味道很香，但是不是很特殊，个人认为像香皂一样清新的味道(提醒不是那种小雏菊啊什么的，不要脑补过度了)，不会让我特别喜欢，但抹在脸上，走路都带香风，分分钟让人感觉本人今天是仙女。另外香气蛮持久的。③色号我们网上看到的色号<img src=""https://pic4.zhimg.com/v2-677a51c10e9beb751cd4131a3251309b_b.jpg"" data-rawwidth=""873"" data-rawheight=""1920"" data-size=""small"" data-default-watermark-src=""https://pic1.zhimg.com/v2-b922a268cef4da522ac302d3f1466320_b.jpg"" class=""origin_image zh-lightbox-thumb"" width=""873"" data-original=""https://pic4.zhimg.com/v2-677a51c10e9beb751cd4131a3251309b_r.jpg"">然后网上<img src=""https://pic4.zhimg.com/v2-ea3acf46ba67e52c6024ba15c7155583_b.jpg"" data-rawwidth=""1013"" data-rawheight=""1800"" data-size=""small"" data-default-watermark-src=""https://pic2.zhimg.com/v2-a38c89d742ba55b963a3ef70a5fd4609_b.jpg"" class=""origin_image zh-lightbox-thumb"" width=""1013"" data-original=""https://pic4.zhimg.com/v2-ea3acf46ba67e52c6024ba15c7155583_r.jpg"">我个人体验我试的手背，我手超白的那种然后N1和R2都能完全跟我融为一体看不出来痕迹的那种...当然自然色我肯定不会考虑试色，很明显不合适我这种白皮...给你们参考一下<img src=""https://pic1.zhimg.com/v2-1b1008ff7fd0cbc7a727bfdbe3756224_b.jpg"" data-rawwidth=""2048"" data-rawheight=""2048"" data-size=""small"" data-default-watermark-src=""https://pic1.zhimg.com/v2-0d049887a6d1837573872543752e46e4_b.jpg"" class=""origin_image zh-lightbox-thumb"" width=""2048"" data-original=""https://pic1.zhimg.com/v2-1b1008ff7fd0cbc7a727bfdbe3756224_r.jpg""><img src=""https://pic1.zhimg.com/v2-d43564e3ccfa7e16500bbf01df24b950_b.jpg"" data-rawwidth=""2048"" data-rawheight=""2048"" data-size=""small"" data-default-watermark-src=""https://pic2.zhimg.com/v2-eeff9d242a6a7b05504639c42a471065_b.jpg"" class=""origin_image zh-lightbox-thumb"" width=""2048"" data-original=""https://pic1.zhimg.com/v2-d43564e3ccfa7e16500bbf01df24b950_r.jpg"">然后在脸上试了R2对红血丝真的超友好！！！我脸颊的红血丝一直让我很苦恼，结果上妆后白嫩嫩又粉扑扑的，我真的爱了(但是我买的N1...会回购R2！！)不敢爆照，就放一张我的图，脸就这个肤色<img src=""https://pic3.zhimg.com/v2-0b96e85f66a58138a832bf15c318d6f2_b.jpg"" data-rawwidth=""974"" data-rawheight=""976"" data-size=""small"" data-default-watermark-src=""https://pic1.zhimg.com/v2-2e8cdc57c4bfb7f549f0a130f932d7d8_b.jpg"" class=""origin_image zh-lightbox-thumb"" width=""974"" data-original=""https://pic3.zhimg.com/v2-0b96e85f66a58138a832bf15c318d6f2_r.jpg"">后来觉得柜姐要吃人，然后没来得及试N1等我货到了，试后再给你们写颜色心得总结质量好，性价比高，值得入手ps气垫这种东西，色号挑选要慎重！然后友情提示616唯品会的购物攻略<img src=""https://pic1.zhimg.com/v2-fdceb217e6653655b82cbca1431e5204_b.jpg"" data-rawwidth=""1080"" data-rawheight=""1920"" data-size=""small"" data-default-watermark-src=""https://pic4.zhimg.com/v2-1cc829b91c0953efa7e4bf95a1539667_b.jpg"" class=""origin_image zh-lightbox-thumb"" width=""1080"" data-original=""https://pic1.zhimg.com/v2-fdceb217e6653655b82cbca1431e5204_r.jpg"">",,编辑于 2018-06-18,https://www.zhihu.com/question/281157703/answer/418999273,8 人赞同了该回答,发布于 2018-06-16 18:06,哪个牌子的气垫bb好用？,咕啾,https://www.zhihu.com/people/ruo-ran-82-26
"最新更新<img data-rawwidth=""1280"" data-rawheight=""960"" src=""https://pic4.zhimg.com/3d8db7297fb2f6c58ab3da0829a896b7_b.jpg"" class=""origin_image zh-lightbox-thumb"" width=""1280"" data-original=""https://pic4.zhimg.com/3d8db7297fb2f6c58ab3da0829a896b7_r.jpg"">护肤品最好还是买新出的产品，有一些商家会把旧款的核心配料换到新款里。白天是sk神仙水 多元霜 安热沙新出防晒（感觉比旧款粘腻很多）晚上黛珂保湿水 sk小白灯泡身体定期磨砂膏 和含有果酸的身体乳，有机纯天然的沐浴露，和计划性的健身（最重要）― ―――――――以下原文――――――  ―― 感觉男生护肤的知识都挺少的，初入护肤坑的时候，也下了好大功夫。一般护肤品知道效果好是一方面，但没有途径买却很蛋疼。接下来是我常用的护肤品牌无关利益，纯属个人心得。<img data-rawwidth=""960"" data-rawheight=""1280"" src=""https://pic4.zhimg.com/b1f2bcca9e76981ff960d37540a7e5db_b.jpeg"" class=""origin_image zh-lightbox-thumb"" width=""960"" data-original=""https://pic4.zhimg.com/b1f2bcca9e76981ff960d37540a7e5db_r.jpg"">lab多功能洁面这款主要是去角质的作用，也是我看知乎了解入的第一个护肤产品，怎么说呢就是用了之后能感觉皮肤有明显变化，这款洁面建议一周一次，每次使用时间不超过30秒。       具体购买途径：我是从丝芙兰购买的，一般城市都会有，如果没有的话，还有网上专卖店，大概价格是二百左右<img data-rawwidth=""2448"" data-rawheight=""3264"" src=""https://pic3.zhimg.com/6d37848c52c3aa1a7de0f003bef8b9f6_b.jpeg"" class=""origin_image zh-lightbox-thumb"" width=""2448"" data-original=""https://pic3.zhimg.com/6d37848c52c3aa1a7de0f003bef8b9f6_r.jpg"">      SK-II护肤洁面霜       相对于上图这款杀伤力就小很多，lab的感觉就像磨砂纸搓脸，这款采用的氨基酸的洁面乳，很温和，适合每天脸部清洁来用，个人是日常清洁这一款，周末用lab的。       购买途径：也是丝芙兰有售大概460一只，国外买会便宜很多。<img data-rawwidth=""1280"" data-rawheight=""960"" src=""https://pic3.zhimg.com/08f3fbfb51156241515ac8252cb17b82_b.jpeg"" class=""origin_image zh-lightbox-thumb"" width=""1280"" data-original=""https://pic3.zhimg.com/08f3fbfb51156241515ac8252cb17b82_r.jpg"">     资生堂安热沙50pa防晒霜       开始护肤以后给我感觉变化最大，效果最好！也是必须养成的小习惯就是！必须天天图防晒！       坚持下来效果特别明显，不过锻炼的时候一定要把防晒霜洗下来，要不然出汗以后，感觉和过敏似的有针扎的感觉。每次双休去健身房就很纠结，去了还得洗，回来又要重新摸。     购买途径：可以先百度下自己的城市有没有资生堂专柜，如果没有，丝芙兰有售，300元<img data-rawwidth=""1836"" data-rawheight=""2448"" src=""https://pic4.zhimg.com/967ffd8a1370d7ba0f4e0e765d1d6d07_b.jpeg"" class=""origin_image zh-lightbox-thumb"" width=""1836"" data-original=""https://pic4.zhimg.com/967ffd8a1370d7ba0f4e0e765d1d6d07_r.jpg"">       SK-II青春露       俗称神仙水，这款水用就很有效果，一停效果就没有了，可能是因为其他牌子不如他好吧，不过因为效果强大还是戒不掉他它，哎真是磨人的小妖精。       重点！！神仙水如果干性皮肤使用，有可能初期会出现脸颊刺痛，泛红，大概在一周后反应消失，干性皮肤可配合保湿霜一起使用可缓解此症状。但有人对神仙水中的成分过敏，所以小样的重要性就体现出来了！！要不一千多就进垃圾桶了（摊手）       购买途径：专柜或者丝芙兰，不要某宝去买，一千多买瓶假货就太亏了，价格是215ml1270大洋。       脸上用这些就差不多了，至于保湿霜，面霜眼霜，至今没用过效果特别明显的在这就不安利了，不过曾经lab送的一个保湿小样十分好用，每次约会前的时候都偷偷抹上，效果拔群       ps：唇膏这个东西在冬天还是推荐要用的，一般买其他护肤品的时候顺便买个无色无味的就行，估计你不想和女生在一起的时候，你干裂的嘴唇拉低你惊天的颜值吧。经常有人说男生图唇膏好娘，嘴唇裂了是病，我买药治病还不行了？<img data-rawwidth=""2448"" data-rawheight=""3264"" src=""https://pic4.zhimg.com/c98ada884cffca31227e486acdcc1f27_b.jpeg"" class=""origin_image zh-lightbox-thumb"" width=""2448"" data-original=""https://pic4.zhimg.com/c98ada884cffca31227e486acdcc1f27_r.jpg"">约翰大师头皮滋养洗发水和柑橘橙花护肤素       这两款都是纯天然的洗发水，感觉洗了以后头发没有什么负担，原来大学高中天天洗头发，弄的发质特别细，天天贴头皮上，真的特别丑，这个护肤素用了以后感觉有种头发变粗的感觉，也蛮蓬松的。       当年题主太年轻入了护发届便宜大碗三件套，丝蕴无硅油洗发水、资生堂发膜、欧莱雅护发精油、用完我天那个头皮痒的呀，头皮屑那个多啊，我以为是男孩子头发短不能用发膜，送人了，还是不行以为是护发精油的原因，又送人了，还是痒，总不能是被知乎大神安利过无数次的丝蕴无硅油吧，某日脑抽搜丝蕴，呵呵果断扔了。购买途径：这个还是有点小困难的，题主是从全球购网站买的，还有作用相同的产品如aveda在香港有专柜，国内买的话就科颜氏和馥绿德雅在青岛万象城见过专柜，某宝代购还是放弃吧，海关天天上班。       感觉男生做到这些已经可以了，最主要的还是良好的生活态度，天天宿醉，饮食不忌口，满嘴大肥肉，摸什么也救不了你，严格的健身计划，健康的饮食，加上护肤品配合，有朝一日你就可以得到女神的青睐，不过护肤这种事，早晚有一天会被女朋友强制充公的（摊手）这几年单身就偷偷的享受吧，以后女朋友油油挤多了才会有你的份。",,编辑于 2016-06-24,https://www.zhihu.com/question/39640358/answer/374151288,214 人赞同了该回答,发布于 2016-01-31 01:41,你有什么好的男士护肤品牌推荐？,没腹肌的疯子,https://www.zhihu.com/people/zhao-jian-geng
谢邀。关于在欧莱雅工作的体验，我先简单说一下我的感觉吧。1.作为intern或其他junior岗位，你都会被委以重任，参与brainstorm，影响其他人。2.无论多高的level，只要你觉得有不妥，就可以challenge他，这里没有等级，欢迎所有为公司利益的fight3.无论你的性取向还是你的国籍、性格，你都能在这里得到最大程度的包容，这里尊重每个人。4.没有dress code，从不用打卡，星座和美的事业，是这里你会遇到最多的话题5.当然，这里节奏很快，压力大也很有挑战性，隔三差五要加班，但不知道为什么，每个人，包括我，都很享受这种高压的生活，因为你的一点创意，很可能改变中国的美妆潮流，你能发出自己的声音！我之前采访过一些欧莱雅员工，他们有更深刻的体会，下面摘录他们的几句话，希望能更好回答你的问题：“每天的工作内容都不同，我在这里的每一天，都比前一天更好”“这是一份让我和我的家人都很自豪的工作，欧莱雅改变了我，我改变了中国美妆的流行趋势”“欧莱雅总能逼你不断突破极限，成就不可能，有时你觉得挑战太大可以随时请假去旅游甚至换个公司，像我一样，但离开这里的两年，我更加意识到这里对我意味着什么，如果你爱美，爱自己受到重视，爱自由，欧莱雅是属于你的！”,8 条评论,发布于 2016-09-05,https://www.zhihu.com/question/24723297/answer/366788206,24 人赞同了该回答,发布于 2016-09-05 11:18,在欧莱雅工作是怎样的一种体验？,欧莱雅校园招聘,https://www.zhihu.com/org/ou-lai-ya-xiao-yuan-bo-bao-ying-23
"油痘皮+1，夏天最怕的就是出门玩脱妆脱得妈不认，不过蔡徐坤同款的欧莱雅红胖子是我今年最爱用的单品之一了！遮瑕效果和持妆效果都不错，基本上出去玩一整天不用补妆，反正出门带这盒气垫就够了，胖胖的红盒子也超级可爱~<img src=""https://pic2.zhimg.com/v2-51e4bdd178e0224bc01a7dbb32a1b359_b.jpg"" data-size=""normal"" data-rawwidth=""619"" data-rawheight=""292"" data-default-watermark-src=""https://pic2.zhimg.com/v2-81b2a9d282d612cc1b7a8fcc2231b28d_b.jpg"" class=""origin_image zh-lightbox-thumb"" width=""619"" data-original=""https://pic2.zhimg.com/v2-51e4bdd178e0224bc01a7dbb32a1b359_r.jpg"">ikun垫：欧莱雅红胖子对于我们这种油痘皮来说，最好的底妆一定是需要满足遮瑕和持妆这两个要求的。给大家做了一个用ikun垫的妆前妆后对比，不是什么美妆博主所以做得比较粗糙，纯用手机前置相机拍摄，大家将就着看吧~首先是我用尽了勇气拍出的纯素颜皮肤状态一张：脸泛油光但嘴周围又干到脱皮不说，下巴的位置还有闭口、小痘痘以及几个痘印，侧脸也有一些小斑点，而且整体肤色比较暗沉，还隐隐泛红……总之就是一张加班熬夜脸！认真劝告各位小仙女们早睡早起保证美容觉。<img src=""https://pic2.zhimg.com/v2-ce91dfbef81559cdbe96b3718ecac159_b.jpg"" data-caption="""" data-size=""normal"" data-rawwidth=""356"" data-rawheight=""356"" data-default-watermark-src=""https://pic2.zhimg.com/v2-f7c8d401a8c47ec2a703f96f25644f79_b.jpg"" class=""content_image"" width=""356"">好了接下来是完全没有遮瑕膏和P图的After噢：ikun垫的妆效是哑光质感的，所以上妆会觉得皮肤状态很真实~对油皮超级友好！我用的是N1号色，整体肤色都提亮了几个度，不是那种妆感过强的假白，而是比较自然的状态。而且可以很明显看到痘印、斑、闭口和暗沉都不见了，遮瑕力度真的是很强了，比很多浓妆感的粉底粉霜都要好！喜欢~<img src=""https://pic4.zhimg.com/v2-80734cbf22aefea1ed88aaf838756043_b.jpg"" data-caption="""" data-size=""normal"" data-rawwidth=""358"" data-rawheight=""358"" data-default-watermark-src=""https://pic3.zhimg.com/v2-f8f457999eb74fd0faa8b1ba5a016ef6_b.jpg"" class=""content_image"" width=""358"">至于持妆效果，反正我用欧莱雅红胖子的话，上班一整天都不用补妆。因为我的脸出油比较严重，尤其是对着一整天电脑，所以有时候用粉底液都会出现斑驳什么的。但是这款气垫不会，基本不怎么脱妆，脸上的妆感一整天下来都非常自然！大热天出门玩的话就只需要带着它~最后想说的就是，这个蔡徐坤同款欧莱雅红胖子气垫的粉质还蛮细腻水润的，上脸感觉湿湿的，很好推开~所以这款ikun垫，干皮和混合肌也应该都是适用的， 嘻嘻~<img src=""https://pic3.zhimg.com/v2-d59a49901114a2f3435cdc9e54a2bdb2_b.jpg"" data-caption="""" data-size=""normal"" data-rawwidth=""362"" data-rawheight=""362"" data-default-watermark-src=""https://pic1.zhimg.com/v2-3a1eb0362b3ea51ecf32d4c056d7f574_b.jpg"" class=""content_image"" width=""362"">以上，我的使用感受差不多就是这些吧！反正现在有人问我哪个牌子的气垫bb好用的话，我第一反应就是欧莱雅红胖子气垫，而且还是蔡徐坤同款呢！<img src=""https://pic3.zhimg.com/v2-dbca401d480f7bc03b63986b7a67afb2_b.jpg"" data-caption="""" data-size=""normal"" data-rawwidth=""558"" data-rawheight=""314"" data-default-watermark-src=""https://pic2.zhimg.com/v2-cae11fb843e17403979717322b3a11c5_b.jpg"" class=""origin_image zh-lightbox-thumb"" width=""558"" data-original=""https://pic3.zhimg.com/v2-dbca401d480f7bc03b63986b7a67afb2_r.jpg"">",,编辑于 2018-06-15,https://www.zhihu.com/question/281157703/answer/418999273,7 人赞同了该回答,发布于 2018-06-15 19:58,哪个牌子的气垫bb好用？,小小岑,https://www.zhihu.com/people/xiaoxiaocen
"2016.8.24 下午13：52更新=========================================================================可以答。我在直男里应该算比较了解护肤的了。――因为作为单兵作战的摄影师，经常需要给模特补妆。没错，人称妆爷。护肤不分男女，只看肤质，但大部分糙汉子（例如我）的肤质应该都是大油田+城墙皮我们一步步来。一、洁面唯一要求――洗得干净。作为一个直男，哪里有心情管它成分是皂基还是氨基，至于什么可能毁皮过敏更加没兴趣深究。平价：<img data-rawwidth=""600"" data-rawheight=""494"" src=""https://pic2.zhimg.com/8234ed5184084ca91fb1c1db3cafb44d_b.jpg"" class=""origin_image zh-lightbox-thumb"" width=""600"" data-original=""https://pic2.zhimg.com/8234ed5184084ca91fb1c1db3cafb44d_r.jpg"">旁氏米粹 15RMB白菜大碗  但对答主这种大庆油田来说洗得不够干净。推荐指数★★☆☆☆<img data-rawwidth=""768"" data-rawheight=""768"" src=""https://pic3.zhimg.com/88b3f09084da2bee65faf5738b6bd51a_b.jpg"" class=""origin_image zh-lightbox-thumb"" width=""768"" data-original=""https://pic3.zhimg.com/88b3f09084da2bee65faf5738b6bd51a_r.jpg"">资生堂洗颜专科 40RMB这个可以说是平价里面的战斗机，基本可以满足使用。如果只是从洗脸来说，足够了。推荐指数★★★★☆以下稍微贵点<img data-rawwidth=""800"" data-rawheight=""727"" src=""https://pic2.zhimg.com/e1a6d09cd0c8eadc4b7e4a06ea473d09_b.jpg"" class=""origin_image zh-lightbox-thumb"" width=""800"" data-original=""https://pic2.zhimg.com/e1a6d09cd0c8eadc4b7e4a06ea473d09_r.jpg"">雪肌精洁面 200RMB答主正在用的，感觉洗完的感觉就是“别的洗面奶只是用清水洗了洗充满油污的盘子，而这货像是洗洁精…一擦就亮” 但是估计皮不够厚实的兄弟请慎重反正我不会回购hhhhh推荐指数★★★☆☆<img data-rawwidth=""400"" data-rawheight=""400"" src=""https://pic2.zhimg.com/e6c91e2c71b04d2330eb3b1238ef208d_b.jpg"" class=""content_image"" width=""400"">SKII洁面 300RMB这款可以说基本完美，除了贵没啥缺点，问题是――价格多了好几倍，清洁力和平价相比提升的不多，使用感强了一丢丢，只能说有钱直接一步到位，不然用平价也没差。推荐指数★★★★☆二、补水首先去掉那些薏仁水珍贵水之类的，爽肤水一定要选个适合的。平价开始<img data-rawwidth=""600"" data-rawheight=""600"" src=""https://pic2.zhimg.com/8a3a032a168189fbe857b96740b52021_b.jpg"" class=""origin_image zh-lightbox-thumb"" width=""600"" data-original=""https://pic2.zhimg.com/8a3a032a168189fbe857b96740b52021_r.jpg"">Muji化妆水 60RMB没啥特殊的，便宜大碗，不会出问题。无功与过补补水吧…推荐指数★★☆☆☆<img data-rawwidth=""361"" data-rawheight=""300"" src=""https://pic3.zhimg.com/b9d847dfcfe7bac61fb557cf5c7f576a_b.jpg"" class=""content_image"" width=""361"">雪肌精 200RMB这我只能说：买！不是因为它补水美白之类的多好，而是因为它可以拿来洁面！每天倒在卸妆棉上，往脸上擦几圈，比用一般的洁面洗脸还干净，而且同时完成了补水。对于懒汉子来说，还有比这更酸爽的吗？对了，这玩意真的容易冒逗，建议买试用装先试试推荐指数★★★★☆<img data-rawwidth=""320"" data-rawheight=""320"" src=""https://pic1.zhimg.com/93e3241e3af0b33f59b5196d15c161e8_b.jpg"" class=""content_image"" width=""320"">澳尔滨健康水 500RMB容易冒逗的汉子请看这里！没别的，就是适合痘痘肌。用了很少长痘痘和闭口了。墙裂推荐平时不冒逗的话这玩意和muji的区别不大别浪费钱推荐指数★★★★☆<img data-rawwidth=""549"" data-rawheight=""418"" src=""https://pic4.zhimg.com/b1e9d1990663cae31bb67eefdc889fe7_b.jpg"" class=""origin_image zh-lightbox-thumb"" width=""549"" data-original=""https://pic4.zhimg.com/b1e9d1990663cae31bb67eefdc889fe7_r.jpg"">SKII神仙水 1200RMB终于到它了！油皮的亲妈，亲奶奶，亲祖母，亲祖宗！油皮只要钱够，请务必买买买！没有多神奇的效果，就是用了以后整个人都舒服了――当然，我的钱包表示很不舒服。推荐指数★★★★★接下来按理说应该到保湿乳或者霜了但是作为一个直男连拍水都嫌麻烦往脸上一抹就完事，怎么可能有心情去推开乳和霜。而且皮肤本身就很油了，再上乳简直…如果有比较勤快的汉子，可以买：倩碧小黄油无油版 理肤泉 雪肌精的保湿乳也凑合于是暂时跳过，最后再推荐乳霜（贵妇预警，钱包不够厚的慎拉，否则账户余额欠费自负。）三、防晒这是非常非常非常重要的步骤，防晒不做好，别的都救不了。防晒只要上脸舒服 防晒效果持久 就可以，别的都不是事。什么防水之类的无所谓。老规矩平价开始<img src=""https://pic3.zhimg.com/53b9fef812127e7330434dcfa5af495a_b.jpg"" data-rawwidth=""650"" data-rawheight=""433"" class=""origin_image zh-lightbox-thumb"" width=""650"" data-original=""https://pic3.zhimg.com/53b9fef812127e7330434dcfa5af495a_r.jpg"">za美白防晒隔离乳 50RMB质地轻盈，直男就不纠结手法了，能搞到脸上就算完事，倒一点在手上搓几下然后往脸上胡乱地搓，大概不到3秒就可以搞定。简单方便直接出门。而且这货有个好处/缺点是 会很明显的变白。这样一来倒是容易区分脸上是否抹均匀了，缺点是有的人肤色偏深变白一号会显得奇怪。PS：记得把脖子也抹了推荐指数★★★☆☆<img src=""https://pic1.zhimg.com/7e8e350955410558b0a5067c1b3c9cb8_b.jpg"" data-rawwidth=""349"" data-rawheight=""385"" class=""content_image"" width=""349"">安耐晒金瓶 180RMB大名鼎鼎的金瓶！防晒效果很好，别的我就不多介绍了，随便一搜应该都有一大堆使用评测。只是要注意，这玩意 2016新款的才可以涂脸上，如果你买的是2015以前的旧款只能身体防晒 不能涂脸！推荐指数★★★★☆防晒的话搞个新款安耐晒基本是不二之选了，不想太折腾的话。四、卸妆明明没有化妆，为何要在护肤里加这条呢？因为涂了防晒是要卸妆的！！！（好麻烦）那些带卸妆洁面二合一的洗面奶都是辣鸡，很少能洗干净的。然而卸妆膏之类的简直麻烦。于是直接点 卸妆油，倒在卸妆棉上面一直擦脸，直到看不出来卸妆棉变脏就行。这个我没有特别去研究，就用过两个<img src=""https://pic1.zhimg.com/461ba23d9441d29608f1d17ee92ecdf4_b.jpg"" data-rawwidth=""800"" data-rawheight=""800"" class=""origin_image zh-lightbox-thumb"" width=""800"" data-original=""https://pic1.zhimg.com/461ba23d9441d29608f1d17ee92ecdf4_r.jpg"">皇后卸妆油 70RMB超级大一瓶。。感觉能用好几年。这玩意清洁力很强，擦完感觉城墙皮都要被掏空了。以后即使化妆也卸得很干净。什么？担心伤皮肤？我这堪比城墙的皮表示不怂，天天刷酸都不怕何况卸个妆。推荐指数★★★★☆<img src=""https://pic3.zhimg.com/a7f1b4a203bd91c179f53db868e80632_b.jpg"" data-rawwidth=""440"" data-rawheight=""455"" class=""origin_image zh-lightbox-thumb"" width=""440"" data-original=""https://pic3.zhimg.com/a7f1b4a203bd91c179f53db868e80632_r.jpg"">贝德玛蓝水 160RMB怕上面皇后伤皮肤的，买这货，贝德玛蓝水。温和很多，卸得也算干净。推荐指数★★★☆☆<img src=""https://pic1.zhimg.com/33b3909065c66cddbacb7f6cc34c2ed0_b.jpg"" data-rawwidth=""430"" data-rawheight=""520"" class=""origin_image zh-lightbox-thumb"" width=""430"" data-original=""https://pic1.zhimg.com/33b3909065c66cddbacb7f6cc34c2ed0_r.jpg"">FANCL卸妆油 120RMB最后还是推荐一个几乎不伤皮肤的吧（应该）用过一次，感觉清洁力度不满意，卸防晒和淡妆应该够，但重妆费劲，最重要的是没有上面两个大瓶的看起来爽推荐指数★★☆☆☆五、唇膏这个可以说是答主钻研最深的一个领域了，因为以后送女朋友礼物 口红应该是最佳选择，所以刻意深入了解了一番。等以后更新口红唇釉系列让你们感受一下直男研究妆品的恐怖。不过现在咱们是先说唇膏。首先那些什么妮维雅曼秀雷敦先丢一边（其实曼秀雷敦有一只十几块的薄荷的还不错）然而我们有更优选择。平价<img src=""https://pic4.zhimg.com/a82baffc9f784fd82401e93d8afcce3f_b.jpg"" data-rawwidth=""750"" data-rawheight=""348"" class=""origin_image zh-lightbox-thumb"" width=""750"" data-original=""https://pic4.zhimg.com/a82baffc9f784fd82401e93d8afcce3f_r.jpg"">女生应该都认识，不过还是给直男安利一下，这个叫小蓝罐，价格很便宜但效果惊人，即使是有钱买我下面推荐更好的唇膏，也请再买一个小蓝罐，因为它最大的用途是在晚上涂一层厚厚的在嘴上――当唇膜。这样第二天起来的时候嘴唇的状态会非常好碧唇小蓝罐  10-15RMB推荐指数★★★★☆<img data-rawwidth=""254"" data-rawheight=""369"" src=""https://pic4.zhimg.com/817677dec5959018bd998478a9a872cf_b.jpg"" class=""content_image"" width=""254"">先说一个字：买！其实这个牌子答主本身不是很喜欢，因为他家的卸妆油真的油到不行让我路转黑。但唇膏真的让我又黑转粉。无论是滋润度或者上唇感都是极佳。同价位应该没有比这个好的。性价比非常高DHC唇膏  40RMB推荐指数★★★★☆<img src=""https://pic3.zhimg.com/08435950ab9f3fb116746fb474fc57d6_b.jpg"" data-rawwidth=""850"" data-rawheight=""850"" class=""origin_image zh-lightbox-thumb"" width=""850"" data-original=""https://pic3.zhimg.com/08435950ab9f3fb116746fb474fc57d6_r.jpg"">咳咳，这款我要为它隆重介绍――这是馥蕾诗家的。介绍完了。他家的东西都是标榜的天然无刺激，孕妇都能用。这款唇膏可以说是满足了我对唇膏的一切需求，而且几乎没有缺点（还是有的，只是瑕不掩瑜）例如夏天揣兜里可能拿出来的时候容易变软断了，可以放冰箱里冰一下拿出来用。尽量不外带。具体的我就不夸了，大家跟我一起念：mo ai mai  摸 爱 买！fresh黄糖唇膏  200RMB推荐指数★★★★★最后来个刺激一点的<img src=""https://pic1.zhimg.com/7724d5154f66c2d2552e3fbf2bc49334_b.jpg"" data-rawwidth=""800"" data-rawheight=""800"" class=""origin_image zh-lightbox-thumb"" width=""800"" data-original=""https://pic1.zhimg.com/7724d5154f66c2d2552e3fbf2bc49334_r.jpg"">是的，你没有看错，传说中的变色唇膏。虽然有两个色号001是粉色 004是橘色。但其实他真的只是唇膏，不同颜色上嘴基本没啥区别。各位直男放心食用。不过同价位还是建议上面的馥蕾诗，这只还是买来送妹子吧。迪奥魅惑润唇膏   200RMB推荐指数推荐指数★★★★☆六、面膜讲道理作为直男让我天天往脸上敷个鬼脸一样的玩意，我是拒绝的。但是偶尔一照镜子看着一脸粗糙的毛孔时，就不得不接受现实去敷一张面膜。面膜其实就三种1补水面膜：不建议购买成品，因为性价比不（mei）高（qian）。我们可以去买一包压缩面膜纸，自己泡着敷。<img src=""https://pic3.zhimg.com/bc7db937be49e68c133a79f24e5f3d1e_b.jpg"" data-rawwidth=""800"" data-rawheight=""800"" class=""origin_image zh-lightbox-thumb"" width=""800"" data-original=""https://pic3.zhimg.com/bc7db937be49e68c133a79f24e5f3d1e_r.jpg"">玛姬儿，十几块钱一大包有50个大概。或者有钱任性直接买高丝雪肌精的面膜纸 超好用，就是贵一点（比成品面膜还是便宜太多了）2清洁面膜：<img src=""https://pic1.zhimg.com/60daebd375079c67dc5881711ec31124_b.jpg"" data-rawwidth=""720"" data-rawheight=""720"" class=""origin_image zh-lightbox-thumb"" width=""720"" data-original=""https://pic1.zhimg.com/60daebd375079c67dc5881711ec31124_r.jpg"">科颜氏白泥   220RMB左右一罐能用很久 清洁力很不错。别的我没用过就不瞎推荐了。对了记得别买火山泥的那种所谓男士去角质面膜 都是坑。<img src=""https://pic4.zhimg.com/02b870a94eb312bca974270064437c0f_b.jpg"" data-rawwidth=""800"" data-rawheight=""800"" class=""origin_image zh-lightbox-thumb"" width=""800"" data-original=""https://pic4.zhimg.com/02b870a94eb312bca974270064437c0f_r.jpg"">雪花秀撕拉面膜  240RMB答主几乎不太会推荐韩国护肤，但雪花秀这款撕拉面膜真的好用，是唯一试过不会扯着疼而且效果好的撕拉面膜。去黑头白头之类的效果很好。―――――――――――――――――――――――――――――――――――――――――――――――――――――――前方贵妇预警！钱包不足慎入―――――――――――――――――――――――――――――――――――――――――――――――――――――――――――――――――――――――――――――――――――――――――――――――――――――――――――――――――――――――――――――――――3功效面膜：<img src=""https://pic2.zhimg.com/f37be72a0b454b41e639190518704f0d_b.jpg"" data-rawwidth=""500"" data-rawheight=""500"" class=""origin_image zh-lightbox-thumb"" width=""500"" data-original=""https://pic2.zhimg.com/f37be72a0b454b41e639190518704f0d_r.jpg"">嘿嘿嘿……传说中的前男友面膜，不过在直男这里应该改个名字：毛爷爷面膜。因为一片就是一张毛爷爷啊！！！！但是效果真的很惊人，第二天起来气色简直像化了妆…所以如果第二天有重要约会之类的时候，来一张还是值得的。SKII前男友面膜 900RMB/6片   请允许我再吐槽一遍，真的好贵七、眉毛眉毛可以说影响一大半的颜值，所以首先第一件事是去找一个靠谱的修眉师帮你弄个合适的眉型然后自己可以学一下画眉。主要就是眉笔和眉粉<img src=""https://pic3.zhimg.com/395fdf2b636a5f4c4e9545e83e0cc622_b.jpg"" data-rawwidth=""749"" data-rawheight=""749"" class=""origin_image zh-lightbox-thumb"" width=""749"" data-original=""https://pic3.zhimg.com/395fdf2b636a5f4c4e9545e83e0cc622_r.jpg"">爱丽小屋的眉笔，选一个和自己头发相近的颜色买就行了。画眉是技术活，要长期练习。男生的眉型网上很少教程，只能自己跟着感觉来画着，等有满意的就可以固定下来了。爱丽小屋眉笔  10-20RMB<img src=""https://pic4.zhimg.com/8a0b6f0c964f59640f6b0b047d34c8ff_b.jpg"" data-rawwidth=""400"" data-rawheight=""400"" class=""content_image"" width=""400"">眉粉的话就只推荐这个，日后进阶还可以当鼻影用。比砍妹的要好很多。不多介绍了，新手不建议用眉粉，不容易控制，等该用眉粉的时候应该也知道kate的好了。kate眉粉 70rmb以上推荐为何没有推荐指数了？因为每个类型我就只推荐了一款，在我心里都是同类中的满分款。只要有需要就可以直接跟着买。――――――――――――――――――――――――――――――――――――――――――――――――八、刷酸不要随便刷酸！不要随便刷酸！不要随便刷酸！刷酸一定要谨慎，从最低浓度的开始往上刷。目前比较多的是：杏仁酸-水杨酸-果酸-A酸<img src=""https://pic1.zhimg.com/d5f40b06552acd5e309c8009fd89ddb8_b.jpg"" data-rawwidth=""600"" data-rawheight=""450"" class=""origin_image zh-lightbox-thumb"" width=""600"" data-original=""https://pic1.zhimg.com/d5f40b06552acd5e309c8009fd89ddb8_r.jpg"">dr wu杏仁酸  100-200RMB如果皮肤没什么大问题，只是想提亮 稍微控制闭口粉刺 刷这个先试试6%，觉得皮肤可以承受效果不明显的话，再刷18%的。<img src=""https://pic2.zhimg.com/28ac4ddf787af2179cbf17b023dae60d_b.jpg"" data-rawwidth=""469"" data-rawheight=""391"" class=""origin_image zh-lightbox-thumb"" width=""469"" data-original=""https://pic2.zhimg.com/28ac4ddf787af2179cbf17b023dae60d_r.jpg"">宝拉珍选水杨酸2% 120RMB如果是需要去角质 黑头之类的刷这个<img src=""https://pic3.zhimg.com/6f56785669359371bc84f530e43c84ae_b.jpg"" data-rawwidth=""800"" data-rawheight=""800"" class=""origin_image zh-lightbox-thumb"" width=""800"" data-original=""https://pic3.zhimg.com/6f56785669359371bc84f530e43c84ae_r.jpg"">alpha果酸面霜  80RMB- -这个答主不知道怎么介绍了，和杏仁酸差不多，因为杏仁酸也是属于果酸的一种。效果类似，但相对要强一些，也更刺激一些。最后还是在说一遍 刷酸需谨慎1最好晚上刷2刷酸以后白天必须必须必须涂防晒3敏感肌千万不要刷任何酸――――――――――――――――――――――――――――――――――――――――――――――――――――――――――――――未完待续…",,编辑于 2016-08-25,https://www.zhihu.com/question/39640358/answer/374151288,"4,190 人赞同了该回答",发布于 2016-08-22 19:39,你有什么好的男士护肤品牌推荐？,萧君,https://www.zhihu.com/people/xiaojunNPC
"我是一个女的，但我有资格写这个回答。原因是这样的……某一天，我发现我的男票开始打扮，脸也干净不少，在我怀疑他是不是出轨的时候，我在一天早上发现了他偷！擦！我！的！护肤品！<img src=""https://pic4.zhimg.com/v2-897212df11574a0d00d396e0147c1577_b.jpg"" data-caption="""" data-size=""normal"" data-rawwidth=""628"" data-rawheight=""626"" class=""origin_image zh-lightbox-thumb"" width=""628"" data-original=""https://pic4.zhimg.com/v2-897212df11574a0d00d396e0147c1577_r.jpg"">我说我的护肤品怎么用的这么快，也是因为这件事，我开始给我的男票进行皮肤改造保养！我男票和大部分男生一样，是大油皮，正好我是混合皮肤，所以他偷用我的化妆品脸真的有改善，所以，你先分清自己的肤质再挑选护肤品。【洁面】资生堂洗颜专科洗面奶39元/120g推荐指数：3.5星<img src=""https://pic1.zhimg.com/v2-2aaab3ace63a3dbf8d55bcf49b80085c_b.jpg"" data-caption="""" data-size=""normal"" data-rawwidth=""240"" data-rawheight=""240"" class=""content_image"" width=""240"">皂基洗面奶，清洁力强，泡沫多，但是尽量不要早上用，适合油皮。旁氏米粹洗面奶22元/100g推荐指数：3星<img src=""https://pic2.zhimg.com/v2-894039f5e065914c38a13b605252e17d_b.jpg"" data-caption="""" data-size=""normal"" data-rawwidth=""500"" data-rawheight=""500"" class=""origin_image zh-lightbox-thumb"" width=""500"" data-original=""https://pic2.zhimg.com/v2-894039f5e065914c38a13b605252e17d_r.jpg"">便宜的氨基酸洗面奶，温和泡沫多，适合干皮。朗仕男士洗面奶195元/100ml推荐指数：4星<img src=""https://pic3.zhimg.com/v2-971eae7ad5af6345574044a9086280e2_b.jpg"" data-caption="""" data-size=""normal"" data-rawwidth=""220"" data-rawheight=""220"" class=""content_image"" width=""220"">雅诗兰黛旗下高端男士品牌，控油清爽，洗完不会很紧绷，适合油皮。sk2氨基酸洗面奶380元/120g推荐指数：5星<img src=""https://pic3.zhimg.com/v2-26846cbd0e201ead2ee5ad6a536543b6_b.jpg"" data-caption="""" data-size=""normal"" data-rawwidth=""500"" data-rawheight=""511"" class=""origin_image zh-lightbox-thumb"" width=""500"" data-original=""https://pic3.zhimg.com/v2-26846cbd0e201ead2ee5ad6a536543b6_r.jpg"">这个洗面奶，除了贵，没有缺点！适合任何肤质。为什么没推荐某火山泥洗面奶，因为有点损伤皮肤，男票之前的脸就是铁证！【水乳】无印良品水乳120元/一套推荐指数：4星<img src=""https://pic2.zhimg.com/v2-cc84c2031872ad7e67ede6e5dda2c90d_b.jpg"" data-caption="""" data-size=""normal"" data-rawwidth=""220"" data-rawheight=""220"" class=""content_image"" width=""220"">温和不刺激，简简单单保湿足够，适合所有皮肤。AHCB5玻尿酸水乳199元/一套推荐指数：4星<img src=""https://pic2.zhimg.com/v2-a000e9723a014773e710d54ab02cc059_b.jpg"" data-caption="""" data-size=""normal"" data-rawwidth=""347"" data-rawheight=""366"" class=""content_image"" width=""347"">含有玻尿酸，补水保湿，适合所有皮肤。SK2男款神仙水1095元/230ml推荐指数：5星<img src=""https://pic1.zhimg.com/v2-00ab2987d814d1e160c198e36f0c4ec8_b.jpg"" data-caption="""" data-size=""normal"" data-rawwidth=""220"" data-rawheight=""220"" class=""content_image"" width=""220"">油皮亲妈，男款更控油，味道是薄荷味，清清爽爽的。黛珂植物韵律水乳（清爽版）550元/一套推荐指数：五星<img src=""https://pic2.zhimg.com/v2-e8de6d813ca3f5ce8f1d72db0b2be7ed_b.jpg"" data-caption="""" data-size=""normal"" data-rawwidth=""233"" data-rawheight=""240"" class=""content_image"" width=""233"">【防晒】怡思丁防晒霜93元/30ml推荐指数：4星<img src=""https://pic3.zhimg.com/v2-33c46630e493357a8734a77a2c0bcfca_b.jpg"" data-caption="""" data-size=""normal"" data-rawwidth=""400"" data-rawheight=""300"" class=""content_image"" width=""400"">这是一款西班牙防晒霜，水润质地，防水防汗，防晒指数高，适合去海边游玩。THANN紫苏防晒220元/30ml推荐指数：5星<img src=""https://pic1.zhimg.com/v2-a1805a466de8ea8d0978204bcc3e2b8c_b.jpg"" data-caption="""" data-size=""normal"" data-rawwidth=""240"" data-rawheight=""240"" class=""content_image"" width=""240"">特别清爽，适合夏天，防晒值30，适合油皮混油皮。安耐晒金瓶230元/60ml推荐指数：4星<img src=""https://pic3.zhimg.com/v2-a4449d25858ad42a733a8493d25fdd2e_b.jpg"" data-caption="""" data-size=""normal"" data-rawwidth=""300"" data-rawheight=""300"" class=""content_image"" width=""300"">防晒指数高，适合长时间在户外的人，稍微有点油，适合干皮和混合型皮肤。当然，护肤顺序要清楚！洁面――爽肤水――乳液――面霜――防晒如果想皮肤更好的吸收，可以尝试肌底液，也就是促进吸收的精华液。欧莱雅青春密码酵素精华肌底液249元/30ml推荐指数：4星<img src=""https://pic3.zhimg.com/v2-bc333404208049889060d06baf6fda32_b.jpg"" data-caption="""" data-size=""normal"" data-rawwidth=""250"" data-rawheight=""250"" class=""content_image"" width=""250"">平价版“小黑瓶”，含有酵素成分，透亮肤色，促进后续护肤品吸收，适合所有皮肤。如果你是大油皮、毛孔粗大，建议再用清洁面膜清洁皮肤，一周使用1-2次就行。科颜氏亚马逊白泥面膜220元/175g推荐指数：4星<img src=""https://pic1.zhimg.com/v2-de24ad1a2f8e46724931f2b9a9a99078_b.jpg"" data-caption="""" data-size=""normal"" data-rawwidth=""500"" data-rawheight=""500"" class=""origin_image zh-lightbox-thumb"" width=""500"" data-original=""https://pic1.zhimg.com/v2-de24ad1a2f8e46724931f2b9a9a99078_r.jpg"">这款清洁面膜比较温和，这一大瓶可以用到天荒地老，每次敷完会觉得脸很白净，干皮敏感皮慎用。雪花秀撕拉面膜280元/150ml推荐指数：4星<img src=""https://pic1.zhimg.com/v2-f6e5219f83921b44ffe0989605ad15e8_b.jpg"" data-caption="""" data-size=""normal"" data-rawwidth=""475"" data-rawheight=""475"" class=""origin_image zh-lightbox-thumb"" width=""475"" data-original=""https://pic1.zhimg.com/v2-f6e5219f83921b44ffe0989605ad15e8_r.jpg"">可以吸附毛孔里的污垢，温和无刺激，一周1-2次，适合所有肌肤。当然，精致的男孩子还需要补水面膜的滋润！JM蜂蜜面膜9元/片推荐指数：4星<img src=""https://pic1.zhimg.com/v2-5608ddd7ccb583e09f9b8c39864fa0cc_b.jpg"" data-caption="""" data-size=""normal"" data-rawwidth=""300"" data-rawheight=""300"" class=""content_image"" width=""300"">精华超多，补水保湿，面膜纸超薄，很舒服。悦诗风吟果粹面膜7元/片推荐指数：3.5星<img src=""https://pic1.zhimg.com/v2-069b34b9b36c7aa3b536f0e7f40f4be0_b.jpg"" data-caption="""" data-size=""normal"" data-rawwidth=""500"" data-rawheight=""500"" class=""origin_image zh-lightbox-thumb"" width=""500"" data-original=""https://pic1.zhimg.com/v2-069b34b9b36c7aa3b536f0e7f40f4be0_r.jpg"">不同的原料面膜，补水不错，适合日常补水。石泽研究所大米面膜98元/10片推荐指数：4星<img src=""https://pic3.zhimg.com/v2-9ecfa65e409ebada88155f422e3126ce_b.jpg"" data-caption="""" data-size=""normal"" data-rawwidth=""386"" data-rawheight=""420"" class=""content_image"" width=""386"">这款可以缩小毛孔，含有大米精粹，补水保湿，这是男款，还有女款。用完清洁面膜敷一片，脸水水润润的。好了，今天先更新到这里，基础护肤肯定没问题啦！希望每一个男孩子都变得精致帅气哦！",,发布于 2018-03-30,https://www.zhihu.com/question/39640358/answer/374151288,804 人赞同了该回答,发布于 2018-03-30 20:01,你有什么好的男士护肤品牌推荐？,兔子君,https://www.zhihu.com/people/tu-zi-jun-44
"今日更新私信里问问题的实在是太多了，经常不在线，所以回复不及时真的比较抱歉，很多出油的男同胞问我应该用什么样的洁面和护肤套装，我建议可以用一些清洁力还可以的洁面搭配着氨基酸洁面交替使用。（更新了一款氨基酸洗面奶）然后护肤洗脸之后一定要保湿补水，可以用男士水乳，也可以用面膜。实在不知道文章里推荐的产品是否适合自己的话，可以买产品小样回来试一下，觉得合适的话再购买正装。还有皮肤问题严重的，个人建议直接去医院，中医脸部祛痘价格也便宜的很，而且效果是真的很不错，每个城市都有！以下内容不含利益相关，所有产品男票都有使用过，还有微商找我打广告的还是请绕路！！讲真哦，大部分开架，或者超市里屈臣氏里卖的男士洗面奶真的不适合大部分男士。真的！！！！首先，男孩子的皮肤比较粗糙，你们知道吧。什么牌子的洗面奶最好？67www.zhihu.com因为表皮角质层是女性的2-3倍厚，所以更扛得住老，也能抵挡更多日晒侵害。所以很多上了年纪的男性跟同龄女性比起来要年轻。但因为雄性激素的关系，男生的皮脂分泌远远高于女性，油皮比例很大，容易油光满面，以及长痘痘、黑头等等。<img src=""https://pic1.zhimg.com/v2-20eef3bfc0edb3b971aa3599e7143d40_b.jpg"" data-size=""normal"" data-rawwidth=""391"" data-rawheight=""406"" class=""content_image"" width=""391"">简单了解下角质层吧所以男孩子呀比女孩子更需要清洁肌肤的。这样再去买洗面奶就能够战胜导购，不买错产品！我估计大多数男生想都不想就觉的自己是油性皮肤，虽然大部分人的确是，但不是所有男生都是，所以呢，来唠叨一下肤质说明吧，如果觉得自己肯定是油皮就直接跳过这段。每个人的肤质分为油性、干性、混合性、其中在这三种中又有可能混有敏感性肌肤。<img src=""https://pic2.zhimg.com/v2-e14642eba93e65e0809867c44ab3274d_b.jpg"" data-caption="""" data-size=""normal"" data-rawwidth=""720"" data-rawheight=""960"" class=""origin_image zh-lightbox-thumb"" width=""720"" data-original=""https://pic2.zhimg.com/v2-e14642eba93e65e0809867c44ab3274d_r.jpg"">眼看着小李子慢慢变宽的脸和肚腩，真心糙到不要不要的。可是他大把大把的超模女朋友也是颜值赛高！<img src=""https://pic3.zhimg.com/v2-0937dd9b8d9627b5651350fa1fff83e2_b.jpg"" data-caption="""" data-size=""normal"" data-rawwidth=""640"" data-rawheight=""403"" class=""origin_image zh-lightbox-thumb"" width=""640"" data-original=""https://pic3.zhimg.com/v2-0937dd9b8d9627b5651350fa1fff83e2_r.jpg"">由于男性的皮脂腺和汗腺比女性发达，所以男性中大比例的都是油性皮肤或混合性肌肤，如果油脂分泌过多，导致毛孔堵塞，就容易长粉刺或暗疮。所以在这里告诉你们一个天大的秘密！！！“大部分开架，或者超市里屈臣氏里卖的男士洗面奶真的不适合大部分男士！ ”因为！！！那些所谓的开架，以曼秀雷敦，欧莱雅，妮维雅为例，主张控油和清爽，为了效果而加强了洗面奶的刺激性，这样无论是重油性或者油性皮肤都能有效控油。然而男人特别大油田并不多，大家有没有用完之后感觉脸上的水分一下子全被蒸发过去了！ 真正的好的洗面奶首要保证的就是保护你的肌肤，不刺激你的肌肤。大家要谨慎使用含皂基成分洗面奶哦。人的皮肤是弱酸性，而皂基洗面奶呈弱碱性，所以对皮肤的刺激比较大，不过皂基洗面奶的清洁油性污垢能力确实很强，一周用1-2次是没有问题的，但是长时间使用皂基洗面奶容易带走皮肤中的脂质，让皮肤中油性的保湿成分流失，保存不了水分，身体会接受信号分泌油脂以保证皮肤不过分干燥，结果就是越洗越油。很抱歉的告诉大家，市面上比较火爆的男士洗面奶基本都是皂基。例如：<img src=""https://pic3.zhimg.com/v2-0f8380e16997d8372f7edab7b4735dce_b.jpg"" data-caption="""" data-size=""normal"" data-rawwidth=""600"" data-rawheight=""347"" class=""origin_image zh-lightbox-thumb"" width=""600"" data-original=""https://pic3.zhimg.com/v2-0f8380e16997d8372f7edab7b4735dce_r.jpg"">欧莱雅男士系列就是皂基类，建议大家除了皮肤实在出油严重或者夏季的某些情况下，日常还是算了吧。<img src=""https://pic4.zhimg.com/v2-46d72ba5785f473496316f33a0e4e993_b.jpg"" data-caption="""" data-size=""normal"" data-rawwidth=""600"" data-rawheight=""758"" class=""origin_image zh-lightbox-thumb"" width=""600"" data-original=""https://pic4.zhimg.com/v2-46d72ba5785f473496316f33a0e4e993_r.jpg"">曼秀雷敦，通常洗完之后不油，但是脸绷，如果冬季长期使用，干燥的会让你脱皮。可以很直接的告诉你，电视广告以及各大商场热卖的洗面奶品牌都有皂基产品，而且还是主推类型。如何分辨皂基洗面奶？最有效的方法就是看成分。在成分表中，如果同时出现了“脂肪酸与碱剂”：肉豆蔻酸 、月桂酸 、氢氧化钠、氢氧化钾，只要含有这些成分，皂基无疑。<img src=""https://pic3.zhimg.com/v2-fe084cc549e32196c09b612006723e76_b.jpg"" data-caption="""" data-size=""normal"" data-rawwidth=""600"" data-rawheight=""600"" class=""origin_image zh-lightbox-thumb"" width=""600"" data-original=""https://pic3.zhimg.com/v2-fe084cc549e32196c09b612006723e76_r.jpg""><img src=""https://pic4.zhimg.com/v2-4b78d1e5caf82987208e2aeeee17d35b_b.jpg"" data-caption="""" data-size=""normal"" data-rawwidth=""600"" data-rawheight=""600"" class=""origin_image zh-lightbox-thumb"" width=""600"" data-original=""https://pic4.zhimg.com/v2-4b78d1e5caf82987208e2aeeee17d35b_r.jpg"">撇去以上纯皂基洗面奶，来看看什么洗面奶值得入：1，首先就是洁面效果，用完洗面奶之后，脸部光滑没有紧绷觉。2，洁面产品并不是泡沫越多越好，很多洁面产品，添加了高浓度的润肤成分，并没有很多泡沫，却能够洗得很干净，同时又可以为皮肤提供保护。3，没有明显的味道，无味型最佳。4，尽量不要有磨砂颗粒，个人认为磨砂颗粒宣传效果大于实用效果。5，酸碱度要在皮肤酸碱承受度间，避免破坏皮脂膜。<img src=""https://pic1.zhimg.com/v2-9a6a91cc1f34cb1e8d4dc11d4f769cf0_b.jpg"" data-caption="""" data-size=""normal"" data-rawwidth=""498"" data-rawheight=""265"" class=""origin_image zh-lightbox-thumb"" width=""498"" data-original=""https://pic1.zhimg.com/v2-9a6a91cc1f34cb1e8d4dc11d4f769cf0_r.jpg"">正确的洁面可以恰到好处地去掉脸上过多的油脂、灰尘，而不破坏皮肤的皮脂膜和天然保湿因子，使皮肤保持最好的PH值和最佳的状态，之后的护肤品才能被充分吸收。氨基酸成分洗面奶氨基酸洗面奶的特点是对皮肤的刺激性小，不会因过度清洁而破坏皮肤屏障使皮肤失水，而且氨基酸的活性剂不会造成面部紧绷和滑腻感，比较推荐该类洗面奶，比较温和，比较适合大部分男性。氨基酸成分：椰油酰谷氨酸钠、椰油酰谷氨酸二钠、月桂酰谷氨酸钠所以下面在洗面奶里选择的是不刺激、方便、不心疼的想法，总而言之性价比还是超高的，同时摒弃了男女有别的奇怪思想，毕竟偷用自己女朋友护肤品不少男生也是干过的吧。科颜氏 男士洁面ㄠ<img src=""https://pic4.zhimg.com/v2-bba7dccc28d0375ce7b8422d1ddd06c7_b.jpg"" data-caption="""" data-size=""normal"" data-rawwidth=""305"" data-rawheight=""457"" class=""content_image"" width=""305"">【成分】月桂醇硫酸酯铵、椰油基葡糖甘、椰油基甜菜碱、月桂醇硫酸酯【适合肤质】干性皮肤、油性皮肤【价格】195/250ml主推给干性皮肤人群，很清爽的感觉，不油腻。因为是氨基酸洗面奶，主打温和清洁，水性不同于膏状，使用过后比较柔软。Dreamtimes K1三部曲<img src=""https://pic1.zhimg.com/v2-44350cc3ff3f5dc1a3382e30ed956da0_b.jpg"" data-caption="""" data-size=""normal"" data-rawwidth=""750"" data-rawheight=""750"" data-default-watermark-src=""https://pic1.zhimg.com/v2-2d3ecb7a144a0a6d2d1d62159f80c3ec_b.jpg"" class=""origin_image zh-lightbox-thumb"" width=""750"" data-original=""https://pic1.zhimg.com/v2-44350cc3ff3f5dc1a3382e30ed956da0_r.jpg"">懒人福音，套装里包含洁面和水乳，觉得护肤麻烦的同学，基本上可以一套搞定。如果只是挑选洗面奶的话，K1洁面还是比较经典的，某红书上貌似销量一直在前三。<img src=""https://pic3.zhimg.com/v2-b1b974acc73e9f20149f40492ef9148e_b.jpg"" data-caption="""" data-size=""normal"" data-rawwidth=""594"" data-rawheight=""433"" class=""origin_image zh-lightbox-thumb"" width=""594"" data-original=""https://pic3.zhimg.com/v2-b1b974acc73e9f20149f40492ef9148e_r.jpg"">K1洁面一款比较经典的氨基酸皂基复配洗面奶，氨基酸成分和皂基半壁江山，采用了弱酸性的氨基酸界面活性剂，洁面是白色的膏体，在脸上推开觉得泡沫还算挺绵密，至于味道，是那种淡淡的味道，使用感不是那种很夸张很腻的感觉（就是被淹没在泡沫里的样子）冲掉的时候有一点点冰凉的爽肤感，比较适合晚上洁面。完全不夸张地说，之前有人告诉我说这是性价比最高的男士洗面奶，完全不输200价位。而我是彻彻底底信服了。【成分】椰油酰甘氨酸钾，椰油酰胺DEA，肉豆蔻酸【适用肌肤】尤其适合混合皮肤，油性皮肤用。干皮还是不建议尝试。因为是复配的，如果想要比较好的清洁度又不想太紧绷，就可以选这款。【价格】63/120ml，据说品牌专做年轻人护肤品，感觉高中到年轻上班族应该无压力。毕竟这个钱还没一顿火锅贵。石泽研究所 KEANA毛穴抚子角质专家洗颜粉<img src=""https://pic4.zhimg.com/v2-be967dc15744a1cbb8f1f3fe23c288bf_b.jpg"" data-caption="""" data-size=""normal"" data-rawwidth=""600"" data-rawheight=""512"" class=""origin_image zh-lightbox-thumb"" width=""600"" data-original=""https://pic4.zhimg.com/v2-be967dc15744a1cbb8f1f3fe23c288bf_r.jpg"">【成分】碳酸氢钠、硅石、滑石粉、椰油酰谷氨酸钠【适合肤质】混合性肌肤（T区清洁王）、干性皮肤、中性皮肤，【价格】128/100g毛孔星人的福音，这款男士洁面粉主要成分是小苏打、并添加猕猴桃和橙子精华。对于毛孔粗大和黑头特别有效。敏感肌不用每天使用，这样对肌肤刺激比较大。但是可以专门T区清洁使用，效果很棒哦~不能天天使用。・  elta md氨基酸洗面奶<img src=""https://pic2.zhimg.com/v2-4da40f06eef710157202ab3b5a0b7375_b.jpg"" data-caption="""" data-size=""normal"" data-rawwidth=""800"" data-rawheight=""800"" data-default-watermark-src=""https://pic2.zhimg.com/v2-3329f1020f53d17b027aa21034676609_b.jpg"" class=""origin_image zh-lightbox-thumb"" width=""800"" data-original=""https://pic2.zhimg.com/v2-4da40f06eef710157202ab3b5a0b7375_r.jpg"">【成分】椰油酰甘氨酸钠、丙烯酸（酯）类共聚物、椰油酰基苹果氨基酸钠、【适合肤质】混合性肌肤、干性皮肤、中性皮肤、油性皮肤【价格】79/80g这款是最近风很大的氨基酸洗面奶，非常的温和，适合所有的肤质，油皮可以搭配着清洁力强的洗面奶交替使用。因为很温和，就算不小心洗进眼睛，不痛不痒，清洁力尚可，泡沫绵密，性价比很高，总之还是蛮不错的。电商网站自营就有卖的。芙丽芳丝净润洗面霜<img src=""https://pic2.zhimg.com/v2-5250929bd9261c1e2a438991188338c5_b.jpg"" data-caption="""" data-size=""normal"" data-rawwidth=""570"" data-rawheight=""485"" class=""origin_image zh-lightbox-thumb"" width=""570"" data-original=""https://pic2.zhimg.com/v2-5250929bd9261c1e2a438991188338c5_r.jpg"">【成分】川穹、薏苡、桃核、枣果、光果甘草等提取物和烟酰胺【适合肤质】所有肤质、【价格】150/100g氨基酸洗面奶中可能是最经典的一款了吧，适合所有的肤质，油皮可以搭配着清洁力强的洁面交替使用，基本上常备一只就可以了。其次芙丽芳丝还是比较适合敏感肌，敏感肌的人洗面奶确实要多费心具有美白作用，非常温和，用完后肌肤感觉相当温润。泡沫不少，较丰富，密实性不错，冲洗起来也不费劲，一下子就能冲干净。如果说清洁只是完成了这个工程的一小部分，因为后面还要抹水乳的。请看第二条：充分补水和保湿。<img src=""https://pic2.zhimg.com/v2-dac65b1c80ec54d8e1ac550b952a6675_b.jpg"" data-caption="""" data-size=""normal"" data-rawwidth=""720"" data-rawheight=""266"" class=""origin_image zh-lightbox-thumb"" width=""720"" data-original=""https://pic2.zhimg.com/v2-dac65b1c80ec54d8e1ac550b952a6675_r.jpg"">水乳我放在一起推，因为感觉夏天到了，大多数男生可能只会用一个水吧。奥尔滨健康水<img src=""https://pic2.zhimg.com/v2-f1906267a11f46d27ee251403ee68c1d_b.jpg"" data-caption="""" data-size=""normal"" data-rawwidth=""422"" data-rawheight=""474"" class=""origin_image zh-lightbox-thumb"" width=""422"" data-original=""https://pic2.zhimg.com/v2-f1906267a11f46d27ee251403ee68c1d_r.jpg"">【成分】七叶树皂苷，是一种高端的活性成分。控油，消炎的作用非常好。甘草酸二钾：美白抗炎的经典日系产品非常爱用的成分，是化妆水的万用成分。谷胱甘肽 三肽的一种，微整形里静脉注射的美白针基本都有这个成分，安全性高，抗氧化功能强，显著增强皮肤抵抗力；北美金缕梅提取：收敛毛孔，很成熟的成分，多年前的倩碧1号 2号水里都有这个。【适合肤质】油性，混油皮肤【价格】248/110ml这款适合湿敷啊，如果仅仅当水来用太亏了。男生可以打游戏的时候敷敷脸。城野医生毛孔收敛水<img src=""https://pic4.zhimg.com/v2-4ad6db5d535dfedf681b29d4783b1b87_b.jpg"" data-caption="""" data-size=""normal"" data-rawwidth=""407"" data-rawheight=""486"" class=""content_image"" width=""407"">【成分】北美金缕梅叶提取物：收敛，治愈伤口，防止老化，消炎；菜蓟叶提取物：改善毛孔粗大；野蔷薇提取物：收敛，保湿，美白，抗酸化，预防痘痘，促进细胞活性化；10-羟基癸酸：预防痘痘，抗炎症，抗菌，改善皮脂分泌，抗酸化的作用，是蜂王浆的组成成分之一。尿囊素：促进细胞生长，修复肌肤创伤，消炎，抗刺激等等作用【适合肤质】油性，混油皮肤，敏感肌肤慎用【价格】120-200/100ml悦木之源菌菇水<img src=""https://pic2.zhimg.com/v2-9418d5eb185247c5e69e3ba8a784d069_b.jpg"" data-caption="""" data-size=""normal"" data-rawwidth=""358"" data-rawheight=""470"" class=""content_image"" width=""358"">值得一提的是：这款可以镇定舒缓问题肌肤，控油 在问题肌肤上是万金油，但在健康皮肤上，没有痘痘的话，所谓的一溜成分就是“溺爱”，尽量不要用。【成分】冬虫夏草、灵芝、榆干玉蕈之类的菇子，主要舒缓由外在刺激的引起的痘痘发炎，内分泌的不治。郁金根、姜根，健全肌肤对抗老化的防御机制， 玻尿酸 、海藻糖及植物甘油成分，提供保湿；【适合肤质】混油，油性【价格】320/200ml资生堂男士滋润乳液<img src=""https://pic1.zhimg.com/v2-c9b956aa5d70a02b8a0704f8e6d70234_b.jpg"" data-caption="""" data-size=""normal"" data-rawwidth=""332"" data-rawheight=""386"" class=""content_image"" width=""332"">【成分】鲨肝醇，柔润光滑，非常温和；甘草成分，具有美白辅助效果，可以增强皮肤抵御外界污染。含有维生素E，对抗自由基和紫外线。【适合肤质】所有【价格】280/100ml万金油一样的存在，不闷痘，而且保湿酱酱写好累。先更这么多吧。哦对，如果男生觉得自己毛孔大的话，还可以入一个悦木之源泥娃娃面膜<img src=""https://pic1.zhimg.com/v2-06b4656fe3abe3cdfa979b23b9911c48_b.jpg"" data-caption="""" data-size=""normal"" data-rawwidth=""337"" data-rawheight=""435"" class=""content_image"" width=""337"">这个就是直接挤出来涂脸上，10分钟差不多干了，洗掉配合前面说的城野医生去黑头收毛孔必备。<img src=""https://pic1.zhimg.com/v2-c2f646d1d99bcc1f2d53402e42e1f3a8_b.jpg"" data-caption="""" data-size=""normal"" data-rawwidth=""377"" data-rawheight=""388"" class=""content_image"" width=""377"">酱酱需要点赞，酱酱需要正能量～如果有痘痘肌，请看我另一篇专门说痘痘的：闭口怎么形成的？怎么去？ - 萝莉酱扛把子的回答 - 闭口怎么形成的？怎么去？67www.zhihu.com还有如何变成精致的猪猪男孩？最好的男士护肤方法是什么？ - 萝莉酱扛把子的回答 - 最好的男士护肤方法是什么？67www.zhihu.comhttps://www.zhihu.com/zhi/people/1011201108512972800?qrcode=1 (二维码自动识别)",,编辑于 2018-10-22,https://www.zhihu.com/question/39640358/answer/374151288,"2,099 人赞同了该回答",发布于 2018-04-23 16:11,你有什么好的男士护肤品牌推荐？,萝莉酱扛把子,https://www.zhihu.com/people/luo-li-jiang-kang-ba-zi
"其实很多护肤品上的“男士”字样主要是营销需求，目的是迎合男士们的懒惰。直男们面对五花八门的护肤品不知道选什么，也懒得和女生一样精挑细选，就中招拿起了超市货架上的男士专用护肤品。无论男女，选护肤品都得根据自身肤质！以下推荐3个小众品牌，让男士们也有个“尝鲜”的选择！--Triumph&Disaster--<img src=""https://pic4.zhimg.com/v2-12acbee1aa09e4f829ec48a85dc0ef83_b.jpg"" data-size=""normal"" data-rawwidth=""750"" data-rawheight=""750"" class=""origin_image zh-lightbox-thumb"" width=""750"" data-original=""https://pic4.zhimg.com/v2-12acbee1aa09e4f829ec48a85dc0ef83_r.jpg"">包装太酷了！虽然你可能没见国内博主推荐过，有点不敢种草~但人家是正经的新西兰高端护肤品牌啊！在国外有很多男女通用的护肤品，大家称为情侣护肤品，指一对情侣同居时可以一起用的护肤品，Triumph&Disaster就是，有品味的包装设计，收到英国绅士和淑女们的热捧！<img src=""https://pic2.zhimg.com/v2-15f0f522dc5691cdd7f8d9537475d689_b.jpg"" data-caption="""" data-size=""normal"" data-rawwidth=""750"" data-rawheight=""497"" class=""origin_image zh-lightbox-thumb"" width=""750"" data-original=""https://pic2.zhimg.com/v2-15f0f522dc5691cdd7f8d9537475d689_r.jpg"">明星产品：T&D 氨基酸纯天然温和洗面奶适用人群：男女通用，适用于所有肤质，包括敏感肌<img src=""https://pic2.zhimg.com/v2-2662468f765296ad43d93b894407ffc9_b.jpg"" data-caption="""" data-size=""normal"" data-rawwidth=""750"" data-rawheight=""750"" class=""origin_image zh-lightbox-thumb"" width=""750"" data-original=""https://pic2.zhimg.com/v2-2662468f765296ad43d93b894407ffc9_r.jpg"">无论油皮干皮，都该首选温和洁面！而作为高端的氨基酸洁面，T&D洁面不仅敏感肌用也不干燥不刺激，还能软化角质，提亮肤色，抗菌！把脸洗好了，很多出油啊，长闭口啊这种问题就迎刃而解了！洗面奶里的琼崖海棠油，薄荷油，维生素A和维生素C等成分，让你洗个脸等于做了个SPA啊！（舒服了......）这里买：T&D 男女同用氨基酸洗面奶刚出浴的美人让人垂涎，刚洗完脸的绅士也很有魅力啊！T&D 保湿天然抗氧化轻薄日霜适用人群：不含酒精，男女通用，敏感肌也能用<img src=""https://pic1.zhimg.com/v2-61b71ca77eea6675dd94f4da25d254ec_b.jpg"" data-caption="""" data-size=""normal"" data-rawwidth=""671"" data-rawheight=""429"" class=""origin_image zh-lightbox-thumb"" width=""671"" data-original=""https://pic1.zhimg.com/v2-61b71ca77eea6675dd94f4da25d254ec_r.jpg"">爱过敏的小伙伴选护肤品真的是非常头疼的，现在的面霜为了你用完有立竿见影的效果，往往会添加一些“猛药”。其实纯天然植物面霜，对皮肤的好处是细水长流的。这个T&D日霜里面的荷荷巴油，跟低价护肤品用的矿油，平价护肤品用的甘油简直不是一个层级的。荷荷巴油是一种很贵的护肤品原料，所以高端护肤品才舍得添加，用荷荷巴油做保湿剂的面霜不油腻，很容易被吸收，但保湿效果还更给力！而且T&D日霜里的新西兰银蕨提取物，被临床证明过可以淡化皱纹收紧皮肤！香调也很高雅，白松香、广藿香、薰衣草、檀香、丁香等等复杂的成分，调配出的香非常高级，香氛控这回可以果断剁手了！这里买：T&D 男女通用天然抗氧化轻薄日霜T&D 金缕梅爽肤水适用人群：男女通用，尤其适合敏感痘肌<img src=""https://pic3.zhimg.com/v2-028aefddb10174d8423c1f203f77b7f6_b.jpg"" data-caption="""" data-size=""normal"" data-rawwidth=""750"" data-rawheight=""933"" class=""origin_image zh-lightbox-thumb"" width=""750"" data-original=""https://pic3.zhimg.com/v2-028aefddb10174d8423c1f203f77b7f6_r.jpg"">金缕梅萃取物是知名的天然抗痤疮剂！如果你偶尔长痘，希望镇静收敛肌肤，选它准没错。科颜氏金盏花水比较适合油皮，而这款干皮也可以长期使用，肌肤会慢慢变得有通透感，状态更稳定！这里买：T&D 金缕梅爽肤水 抗敏抗痘T&D家的各种产品口碑都很好！作为新西兰高端护肤品牌，T&D是很值得信赖的，只不过在国内鲜为人知而已，不管大家在什么渠道买，都是比较能放心的，这么小众的商品造假概率极低。T&D的商品在HIGO的价格相对还是比较优惠的！（*＾-＾*）<img src=""https://pic4.zhimg.com/v2-b850d5b07e5e5a2f3a50f9301c7b4de7_b.jpg"" data-caption="""" data-size=""normal"" data-rawwidth=""750"" data-rawheight=""1074"" class=""origin_image zh-lightbox-thumb"" width=""750"" data-original=""https://pic4.zhimg.com/v2-b850d5b07e5e5a2f3a50f9301c7b4de7_r.jpg"">--BULK HOMME--<img src=""https://pic4.zhimg.com/v2-a67c08d5708a66b365c4fff7bcd53f33_b.jpg"" data-caption="""" data-size=""normal"" data-rawwidth=""750"" data-rawheight=""750"" class=""origin_image zh-lightbox-thumb"" width=""750"" data-original=""https://pic4.zhimg.com/v2-a67c08d5708a66b365c4fff7bcd53f33_r.jpg"">看这仿佛散装豆浆一样的包装，竟然装的是洗面奶化妆水和乳液？很好，这么特立独行的品牌，成功地引起了我的注意!BULK HOMME是诞生于2013年的日本男士护肤品牌，专门针对年轻男性皮肤设计。中文名叫“本客”，坚持精华的本质可以说是非常的“信达雅”了~<img src=""https://pic1.zhimg.com/v2-49d3bf5230879a226ac7fd870af107d8_b.jpg"" data-caption="""" data-size=""normal"" data-rawwidth=""550"" data-rawheight=""365"" class=""origin_image zh-lightbox-thumb"" width=""550"" data-original=""https://pic1.zhimg.com/v2-49d3bf5230879a226ac7fd870af107d8_r.jpg"">它们的产品外包装简单，从骨子里透露出一股“性冷淡”风。正是因为品牌想将费用都用在原料成本上，使用了成本较低的软包装，才使它在男性护肤品里具有绝对高性价比！！连日本人气偶像三浦翔平都在为它打call啊！明星产品：洗面奶<img src=""https://pic4.zhimg.com/v2-1ddeaa8cffee26854160960e48dfde0b_b.png"" data-caption="""" data-size=""normal"" data-rawwidth=""750"" data-rawheight=""750"" class=""origin_image zh-lightbox-thumb"" width=""750"" data-original=""https://pic4.zhimg.com/v2-1ddeaa8cffee26854160960e48dfde0b_r.jpg"">BH洁面的概念不是洁面乳，而是无刺激液态皂，最大的特点就是洗得干净彻底，又不损伤皮肤。搭配起泡网使用，浓郁的泡沫让你享受上洗脸的过程，离不开它~<img src=""https://pic3.zhimg.com/v2-c038b8cdb3b2feb412c316f59242b302_b.png"" data-caption="""" data-size=""small"" data-rawwidth=""750"" data-rawheight=""750"" class=""origin_image zh-lightbox-thumb"" width=""750"" data-original=""https://pic3.zhimg.com/v2-c038b8cdb3b2feb412c316f59242b302_r.jpg"">这里买：BULK HOMME日本小众 丰富泡沫洁面乳 <img src=""https://pic4.zhimg.com/v2-5be104c5813875c35f15640ff83de2a7_b.png"" data-caption="""" data-size=""normal"" data-rawwidth=""750"" data-rawheight=""750"" class=""origin_image zh-lightbox-thumb"" width=""750"" data-original=""https://pic4.zhimg.com/v2-5be104c5813875c35f15640ff83de2a7_r.jpg"">乳液<img src=""https://pic2.zhimg.com/v2-5ed3ddd96acae9afd7673d291407ca4d_b.png"" data-caption="""" data-size=""normal"" data-rawwidth=""750"" data-rawheight=""750"" class=""origin_image zh-lightbox-thumb"" width=""750"" data-original=""https://pic2.zhimg.com/v2-5ed3ddd96acae9afd7673d291407ca4d_r.jpg"">这个乳液好在哪里呢？一是成分很优秀，高浓度柚子果胶提取物包含的有机酸、精油可以整体提升皮肤状态。二是使用感好，很多滋润型乳液用完让人觉得油乎乎的不舒服，但BH乳液是用天然角鲨烷油来保湿，天然角鲨烷油与人体皮脂构造相近，可以在皮肤上形成一层的保护膜，轻薄润泽不黏腻！用过HABA角鲨烷油的同学，角鲨烷油的效果你们是最有发言权的~欢迎评论区交流！！<img src=""https://pic3.zhimg.com/v2-2b4fa75c4031d2d9964c7ce6a5482ade_b.png"" data-caption="""" data-size=""normal"" data-rawwidth=""718"" data-rawheight=""718"" class=""origin_image zh-lightbox-thumb"" width=""718"" data-original=""https://pic3.zhimg.com/v2-2b4fa75c4031d2d9964c7ce6a5482ade_r.jpg"">这里买：BULK HOMME日本小众 高保湿乳液--Biotherm碧欧泉--和上面二位相比，碧欧泉就稍显大众啦！<img src=""https://pic2.zhimg.com/v2-42e469adba37f154a02190e1e4e77f11_b.png"" data-caption="""" data-size=""normal"" data-rawwidth=""440"" data-rawheight=""369"" class=""origin_image zh-lightbox-thumb"" width=""440"" data-original=""https://pic2.zhimg.com/v2-42e469adba37f154a02190e1e4e77f11_r.jpg"">碧欧泉是隶属于欧莱雅集团的高端护肤品牌，是创建于1952的老品牌！碧欧泉产品均含有独特的矿泉成分，全线都是天然健康的感觉。作为欧莱雅亲儿子，碧欧泉在男士和女士护肤领域双管齐下，有很多产品套装可以选择。明星产品：Biotherm 男士水动力保湿三件套适用人群：中性/干性肤质男士<img src=""https://pic2.zhimg.com/v2-2dbcf5e56b66e6848216acbd4cc8063d_b.png"" data-caption="""" data-size=""normal"" data-rawwidth=""488"" data-rawheight=""435"" class=""origin_image zh-lightbox-thumb"" width=""488"" data-original=""https://pic2.zhimg.com/v2-2dbcf5e56b66e6848216acbd4cc8063d_r.jpg"">包含洁面ㄠ，爽肤水，保湿乳，是碧欧泉男士专用系列镇牌之宝，品牌宣称“水动力保湿乳特润型蕴含相当于5000公升的矿泉精粹”。说法是略显夸张了，但补水和锁水的效果确实可观！三件套搭配也是一步到位，只有补水保湿基础诉求的男士们，这一套完全够用了~这里买：Biotherm 男士水动力保湿三件套 Biotherm 男士御尊至能滋养紧致三件套适用人群：所有肤质男士<img src=""https://pic1.zhimg.com/v2-ac87e03110ffebe6841946ee6a8d9d20_b.png"" data-caption="""" data-size=""normal"" data-rawwidth=""800"" data-rawheight=""800"" class=""origin_image zh-lightbox-thumb"" width=""800"" data-original=""https://pic1.zhimg.com/v2-ac87e03110ffebe6841946ee6a8d9d20_r.jpg"">相比上一个套装，这个更能应对熟龄肌的需求，30岁以上的男士使用修复效果会更明显！内含珍贵的雪松嫩芽提取物，可以加速细胞新生，增强皮肤抵御能力。尤其现在大家加班普遍严重，睡眠不好也会导致面色暗沉，滋养乳液对修复细小皱纹，提亮肤色很有效！这里买：Biotherm 男士御尊至能滋养三件套还有适用于油痘肌的套装，换着花样用起来！男士净肤控油祛痘套装<img src=""https://pic1.zhimg.com/v2-c18acdadd13ca8c24e770b08bd82ee9c_b.png"" data-caption="""" data-size=""normal"" data-rawwidth=""444"" data-rawheight=""550"" class=""origin_image zh-lightbox-thumb"" width=""444"" data-original=""https://pic1.zhimg.com/v2-c18acdadd13ca8c24e770b08bd82ee9c_r.jpg"">刚刚发现一个官方活动，20块邮费可以领免费小样，大家可以选择自己待拔草的领取，用完再来HIGO以入正装啊~ (￣幔) 海外买手的采购价比中国官网优惠很多哦！指路：免费体验 明星产品-Biotherm碧欧泉官方网上商城以上三个品牌在某宝，某红书，包括专业的护肤美妆平台美丽修行上都不算火热，但在HIGO app，却是销量很高的明星产品！所以小众与否也是相对而言的，在大家面对千篇一律的草单有些腻味时，帮大家找到冷门又好用的优质护肤品也是HIGO的使命啊~<img src=""https://pic1.zhimg.com/v2-f5fedab7e1e3781faea26e40caa1aa64_b.png"" data-caption="""" data-size=""small"" data-rawwidth=""690"" data-rawheight=""551"" class=""origin_image zh-lightbox-thumb"" width=""690"" data-original=""https://pic1.zhimg.com/v2-f5fedab7e1e3781faea26e40caa1aa64_r.jpg"">最后再叨叨几句：大部分男性的肌肤皮质分泌多呈油性，所以大部分男士护肤品都主打清爽控油。但也有一部分男性，皮脂分泌并不旺盛，反倒偏干。这部分男士就不适合用那些针对油性、混合偏油性皮肤设计的“男士护肤用品”，而是需要用更温和的，甚至是非男士专用护肤品。（比如上文提到的T&D品牌）广大的男士同胞们，一定要勇敢地越过直男屏障，认识到男人护肤并不丢人啊！护肤品用和不用，差别真的很大~现代社会，女士都和男士一起赚钱养家了，作为男士的你怎么舍得你的她独自貌美如花？可爱的你别忘了关注我呀！听说美的人看完回答都会点个赞",,编辑于 2018-10-26,https://www.zhihu.com/question/39640358/answer/374151288,53 人赞同了该回答,发布于 2018-10-26 13:10,你有什么好的男士护肤品牌推荐？,HIGO,https://www.zhihu.com/org/higo-16
article,comments,edit_time,link,praise,pub_time,que_name,user_id,user_link
惯例先说结论：1、男生护肤不是娘，男生化妆才是娘；2、男生不用像女生那样精致，但也需要对皮肤有一定的保养，毕竟良好的肤色是一个人气质的重要体现；3、找到适合自己的护肤方式，产品，然后坚持下去，不要懒；4、皱纹是不可逆的，护肤重要的是补水，保湿和防晒；下面是我的护肤方式：1、生活方式：1）早睡早起；11点前入睡，6点左右起床，规律作息是护肤的第一要素，熬夜后不仅身体疲惫不堪，皮肤也会松弛，皱纹也感觉越发明显；2）少吃糖；吃糖容易引起皮肤的糖化反应，加速皮肤的老化，所以要戒掉一切甜品；3）防晒；出门前20分钟必须涂防晒霜，紫外线是加速皮肤老化的第一元凶；日常通勤可以选择SPF30+即可满足；4）多喝水，多喝牛奶，水中可以加入柠檬片或者蜂蜜，早起一杯蜂蜜水；喝牛奶可以美白；5）补充维生C和E ，Vitamin E是很好的抗氧化剂，可以延缓皮肤老化；这里建议去药店购买药品的补充维生C和E ，效果要好于保健品，价格也优惠很多；6）睡前一杯红酒，既可以美容养颜又可以软化血管，还比较容易入睡；7）多运动多流汗，答主本人每天平均运动2-3小时的时间；运动可以加快身体的新陈代谢；8 ) 枕套要一周一洗一换;2、护肤品：1）护肤品买贵的不如买适合自己的，适合自己的皮肤，也适合自己的经济条件；2）护肤顺序是洗面奶洁面（早上不用）― 爽肤水 ― 精华 ― 眼霜 ― 面霜 ― 防晒 （晚上不用） 早起和睡前按照上述顺序各一次；3）面膜只能起到临时补水的作用，长期来看对皮肤的好处不大，且面膜的保质期都很长，里面含有大量防腐剂；如果一定要用面膜找到安全感，建议使用前男友面膜（SK-II ）4）建议使用成套的护肤品，不建议使用国产品牌；5）脖子也需要重点保护，颈纹是一种很可怕的存在；6）洗面奶推荐：肌研极润洁面乳优势：弱碱性，无香料，无色素，成分含量表中没有水杨酸，敏感肌或者干性皮肤可以放心使用，洁面后脸也不会感觉很干；价格也便宜（0670）是很多学生党的选择；7）爽肤水+精华+眼霜+面霜推荐：OLAY新生塑颜系列优势：性价比很高，一套护肤品06800左右，可以在双11时购买4套，就够全年的使用啦；而且还会给很多赠品；成分表中含有olay专有的烟酰胺，抗皱效果还是有一点的；比较适合26或28岁以上的人群；（护肤品不分男女的喔）8）防晒：曼秀雷敦新碧水薄清爽防晒露优势：不油腻！！！是真的不油腻；价格实惠 0670 左右9）蜂蜜：同仁堂蜂蜜优势：可能就是因为感觉瓶子好看，或者品牌比较大吧10）维生C和E：善存的优势：善存可以补充多种维生素和矿物质，建议购买佳维片，佳维片是保健食品；无论是维生素C E 还是善存，不建议每天使用，建议根据自己当天蔬菜和水果的摄入情况而定；11）身体乳推荐：多芬Dove保湿滋润身体乳优势：主要用来涂脖子，男生不用涂身体（太娘），性价比高，价格实惠 06 35 一瓶可以用半年；有条件的当然选择用娇韵诗哈12）牛奶推荐：伊利拜拜君脱脂牛奶优势：脱脂牛奶，健身人士可选；不喜欢国外牛奶的味道，所以选择伊利13）吸油纸：曼秀雷敦吸油纸优势：如果是油性皮肤或者混合性皮肤，需要使用吸油纸隔断时间吸取面部油脂，避免毛孔堵塞，长痘痘或者黑头；写在最后的话：上面这些只是目前答主自己的护肤方式，大家要根据自己的肤质，喜好和经济条件来选择适合自己的方式；剩下的就是不能懒，要持之以恒的； 最后希望大家都拥有好的皮肤，越来越健康；,,编辑于 2018-10-22,https://www.zhihu.com/question/263503022/answer/516192531,20 人赞同了该回答,发布于 2018-10-22 21:16,男士护肤方式？,舒克贝塔,https://www.zhihu.com/people/lu-chuang-34
你用的护肤品和祛痘产品里含有激素,添加评论,发布于 2017-12-09,https://www.zhihu.com/question/263503022/answer/516192531,,发布于 2017-12-09 16:53,男士护肤方式？,护肤小蜜蜂,https://www.zhihu.com/people/reseted1511257175808
天猫旗舰店不会有假货，但是一定要认清楚到底是不是这个品牌的旗舰店，有很多假旗舰店也进驻天猫了。。。那些可能卖假货的是天猫上的私人店铺。。。而且很多产品是＂电商专供＂，那这个就要注意了。品质要差一点，比如电子产品啥的~然后我看了一下别人怎么说的，因为我自己是没在天猫旗舰店买到次品或者假货，所以我还是把人家的经历贴上来做个参考吧,1 条评论,发布于 2017-10-16,https://www.zhihu.com/question/66709471/answer/245016306,2 人赞同了该回答,发布于 2017-10-16 09:39,网购官方旗舰店的护肤品跟在实体店买有很大的区别吗？,浪里小草莓,https://www.zhihu.com/people/lang-li-xiao-cao-mei-83
谢邀题主这个问题我也不好回答，可能我被各种小伙伴轰炸的，都不太敢淘宝上买护肤品了，因为经常看到朋友给我转什么新闻文章之类的，说某店家自制化妆品然后用高档化妆品盒包装，月销量几千。还有传什么旗舰店真假混卖，还有某店家批发一堆仿造产品，然后高价卖出。然后有点怕怕，所以基本不怎么在淘宝上买个护产品，不过经常买买好看的小裙子加上现在自己也做了一枚小港代，所以浏览淘宝次数也少了，基本都是自己亲自去买然后用～没事去扛几罐奶粉给小朋友，扛护肤品回家孝敬老妈。因为有些时候自己也分不出网上卖的产品的真假，所以，嗯 自己还是很少淘宝购买。另外护肤品这个东西，还涉及一个产地的问题，没有研究过实体店和网店的产地问题。不过就我个人过港采货来看，同款产品同样毫升专柜卖的是一个价，但美妆店又是一个价，貌似是因为专柜和美妆店的货的产地有时候不是一个地方，不同产品有些时候产地不一样可能成份也有一点点变化，所以价格也就有些许差距～,2 条评论,编辑于 2017-10-20,https://www.zhihu.com/question/66709471/answer/245016306,,发布于 2017-10-20 20:44,网购官方旗舰店的护肤品跟在实体店买有很大的区别吗？,TAL,https://www.zhihu.com/people/tal-7
官方旗舰店一般都是直营，需要自己留心查一下店铺的工商信息是否为企业直营，存在假货的概率极低，也不会存在和专柜不同的品质差异，没有哪个品牌方会砸自己的招牌。,添加评论,发布于 2017-10-16,https://www.zhihu.com/question/66709471/answer/245016306,,发布于 2017-10-16 18:31,网购官方旗舰店的护肤品跟在实体店买有很大的区别吗？,雨溪,https://www.zhihu.com/people/yu-xi-38-12
男生的问题无非有这么几点：脸油――如何去油/怎么不油脸黑――要不要美白――要不要做防晒长痘痘――emmm怎么去痘痘呀――emmm爆痘了――啊啊啊痘印好难看怎么勾搭妹子啊要赶紧去痘印～男神的皮肤好干净啊――废话他们用化妆品啊好啦 作为一个有弟弟的小姐接，并且把我弟弟引上了护肤道路上，而且还能相互交流下化妆心得，我觉得回答这个问题是相当专业的。我咨询了我弟迪，列了下面这几个问题，男生护肤小白直接看下面：看你想看，不喜欢的直接跳到你想看的问题，方便查找。第一个问题，小白男生入门问题：大油脸十个男生九个油，还有一个特别油。》》》关于怎么去油，先认识下皮肤肤质：先看下说的是不是黄框圈出来的问题，如果是，往下看，你需要emmm，推荐的洗面奶是根据我弟弟使用感排列的，也算是综合考虑吧，因为有的效果非常好，但价格也实在高啊，对我说的就是斯开兔氨基酸洁面。Elta氨基酸洁面【成分】很专一的氨基酸表活洁面（无其他表活），含主要的两种氨基酸表活，添加量比较高；含有酵素成分，强化清洁力；【适用肌肤】所有 【价格】149元左右这一款男女都可以用的，男生不要去超市开架选 一看就是超强控油，会把皮肤角质层油脂全都掳走，分泌更多油脂哒。Dreamtimes K1 男士洁面乳一款比较经典的氨基酸皂基复配洗面奶，采用了弱酸性的氨基酸界面活性剂，洁面是白色的膏体，在脸上推开觉得泡沫还算挺绵密，至于味道，是那种淡淡的味道，使用感不是那种很夸张很腻的感觉（就是被淹没在泡沫里的样子）冲掉的时候有一点点冰凉的爽肤感，比较适合晚上洁面。【成分】椰油酰甘氨酸钾，椰油酰胺DEA，肉豆蔻酸【适用肌肤】尤其适合混合皮肤，油性皮肤用。干皮要后面扑点水。因为是复配的，如果想要比较好的清洁度又不想太紧绷，就可以选这款。【价格】63/120ml 这个品牌价格对于年轻人来说很容易get啊，而且专做年轻人护肤线，学生党和刚入职党我觉得应该买。SK2 护肤洁面霜【成分】纯氨基酸洁面，含有sk2 的专利成分半乳糖酵母样菌发酵产物滤液，其他有效成分含量可以忽略，有舒缓成分来平衡刺激感。【适用肌肤】所有【价格】450/120ml清洁力温和，但肤感很刺激。千万不能进眼睛，火辣辣。但夏天的话清洁可能会出现不到位情况，配合前面两款Dreamtimes K1 和Elta洁面用没有问题。然后去油控油我们解决了，来看看小伙子们美白要不要夏天到了你是不是又又又又要黑成碳啦，变黑的原因很多种，变白的道路只有一条：防晒防晒防晒！！》》》 最简单变白的方法：防晒脱离了防晒根本没法谈美白，如果你没做好防晒，那么再贵再好的美白产品在你身上也不会起到作用的，防晒没到位，一晒回到解放前。很多男生对于防晒没有什么过多的感觉，甚至觉得古天乐那种才是真爷们，拜托，可不可以看看白古时代！人家是是懒得化妆才想变黑好不好！纯爷们也需要防晒！男生防晒肯定是越简单越好，太复杂往往无法坚持。关于简单防晒，你肯定需要一瓶防晒霜了，怎么涂？涂多少？什么时候涂？用什么牌子？》》》一般就是挤一元硬币大小的量，均匀涂在脸上，在出门前半小时涂就好了。记住了嘛！怕麻烦的话直接去屈臣氏买曼秀雷敦好啦，不粘，好涂，便宜。还有一种高级美白想不想了解下，哈？女生都知道的，但就怕男生你们不愿意做：使用美白精华可能男生们对于这种方法还是蛮陌生的，但其实这是最为有效的方法之一了。精华类的产品能够实现集中美白，对于痘印之类的，可以有效的去除。为什么说美白精华可以实现有效的美白呢？这是与其中的有效成分有着密切关系的。我知道你们根本不愿意看什么酸不酸的成分，所以下图应该非常简明扼要，你们照着买，有条件看看内容，别忘记点赞啊啊除此之外还有曲酸、熊果苷等，也是很有效的美白成分，虽然这些成分在美白原理上有所差别的，但都能够比较有效的让皮肤变白。OK，终于说道我最喜欢说的痘痘问题了。因为之前我回答过了，直接搬运过来，我的男孩们，赶紧戳进去看看脸上痘痘大分类，保证刺激～看完回来了是不是，有没有一点点感想？想找酱酱聊聊么。酱酱带你往郊区开～开玩笑开玩笑，继续啦。终于写到了本酱最爱的部分：化妆化妆。咳咳，你们男生，emmm还是简单点，小裸妆好啦。放一张可爱的猪猪男孩，侵删哦。小哥哥有做：底妆+眉毛+眼睛哦。所以推荐给各位男生一些平价的东西，是那种就算拿回来偷偷的练习也不心疼的那种“推荐”。我个人认为男生的妆容不需要太过于明显的修饰，看起来最自然的妆容就是最成功的。1.整张脸打底：水乳防晒涂完，抹隔离霜，然后粉底。2.眉毛，在剔除所有的杂毛情况下，使用眉粉和眉笔进行眉毛的修饰。3.眼部，我觉得可以适当画点咖啡色的眼影粉，就像画眼线一样，不要太粗，一定要淡、自然，否则会看起来妖里妖气。或者干脆不画。4.唇部，经常使用唇膏，保持唇部的滋润即可，不需要抹唇彩之类的，你个人追求的也是清秀，不是吗：）你所需购买的化妆品有：隔离霜（妆前乳）、粉底液、眉粉、眉笔、咖啡色眼影（当然可以不买，如果不画眼睛的话）、唇膏下面的推荐是我根据价格还有男生实用程度推荐的，没时间一条一条写，具体不懂评论里回复好嘛Kate 控油保湿妆前乳很滋润，不营造假白效果，贴合皮肤。妙巴黎果疗粉底液平价，上脸显皮肤很有光泽，颜色深不是很白，适合男生。眉粉/眉笔kate三色眉粉 & 资生堂三角眉笔这两个非常便宜，可以说是彩妆入门吧。颜色选中间色就好。画眉方法，我找了个简单版本的：第一次自己先比划一下眉峰的位置然后确定自己眉尾位置基本形状出来后，用眉粉填充唇膏的选择，emmm，女朋友用什么你就用什么吧。什么，没有女朋友？emmmm，那还是去屈臣氏吧。听说点赞会变白变帅！,,编辑于 2018-06-01,https://www.zhihu.com/question/34462536/answer/370825362,76 人赞同了该回答,发布于 2018-04-19 15:53,求推荐适合男士的护肤品？,萝莉酱扛把子,https://www.zhihu.com/people/luo-li-jiang-kang-ba-zi
这个不太清楚，网购的话主要是不知道它的货源是真是假，不够令人放心。官方旗舰店的可能放心一些，不过个别也有假的。,1 条评论,发布于 2017-10-16,https://www.zhihu.com/question/66709471/answer/245016306,,发布于 2017-10-16 06:30,网购官方旗舰店的护肤品跟在实体店买有很大的区别吗？,飞妈HK,https://www.zhihu.com/people/mu-zi-lee-xiang-gang-dai-gou
没女朋友也没男朋友的你，还没有一瓶香香可以擦？本次有调评测团，就为各位不愿意在护肤品上花费太多的男生们测评了6款随便一涂就能尽显鲜肉本色的护肤品，真的不用瓶瓶罐罐哦，一瓶就够！至于你该买哪一款，我们直接告诉你~本次我们的选品，是主流男士护肤品牌中，100元以下的人气选手：图片来自评测员Jamie1.大宝 SOD蜜 ￥10大宝天天见，相信大宝这个品牌人人熟知，这款SOD蜜更是很多人的第一瓶护肤品。2.资生堂UNO 男士多效合一润肤露 ￥65日本著名品牌资生堂旗下男士护肤子品牌，口碑不错，且平价大碗。3.妮维雅 男士护肤面霜 ￥77德国的大众品牌，知名度较高且方便购买，这款有深层滋润的效果。4.高夫GF 经典保湿润肤露 ￥88上海家化旗下的本土品牌，口碑一直不错。5.曼秀雷敦 男士活力修护润肤乳 ￥89美国的知名品牌，畅销120年，遍布150个国家，也是护肤品货架上的常驻选手。6.L'oreal欧莱雅 男士护肤劲能醒肤露 ￥100法国的欧莱雅是本期选品中最贵的一款，这款醒肤露是专门针对亚洲男士皮肤所设计。所有质地，数字编号对应前面的商品排序。图片来自评测员Jamie如果你实在没有耐心看完整篇，可以在这里直接买买买啦！有调之选：如果你是中性到偏干，或者干脆不知道自己是什么肤质，请在这样干燥的天气里选择欧莱雅男士护肤劲能醒肤露；如果你皮肤偏油，请选择资生堂UNO男士多效合一润肤露；可买可不买：这两款对于油性皮肤来说都不合适，中性到偏干皮的朋友可以试试。保湿力较强膜感重，如果有搭配洗面奶的超值套装则性价比很高的妮维雅男士护肤面霜；无功无过，保湿度和控油力都还过得去的曼秀雷敦男士活力修护润肤乳，同样偶尔赠送洗面奶，作为凑单品买回也还可以。至于只能加剧“外油内干”皮肤不适的大宝和高夫，就不天天见了！让男生们来评测护肤品，维度当然越简单明了越好~图片来自评测员-ITACH-，数字编号对应前面的商品排序。保湿力也就是护肤品能缓解皮肤干燥的程度~擦香香当然是为了保湿啦。除了干皮需要滋润不紧巴巴以外，油皮也需要保湿！有时候，皮肤大量出油反而是因为皮肤干燥（所谓外油内干），因为皮肤含水量低，所以会分泌油脂保护皮脂膜。想要控油好，补水性首先得足够好。简单来说，干皮需要保湿+滋润；油皮需要保湿+清爽。控油力男生本来就皮脂分泌旺盛，又涂了护肤品，上午还好，下午就油光满面，严重影响形象！怎样滋润的同时抑制出油，就要看它们的本事啦。图片来自评测员会十万伏特的神奇宝贝大师，数字编号对应前面的商品排序。吸收度对于油皮来说，吸收的不好黏黏黏；对于干皮来说，吸收的不好直接浮在表面，并不能保湿啊！图片来自评测员舒氪虽然纸板不能模拟皮肤的吸收度，但我们还是可以看出有些乳液的挥发性较强，有些则残余物较多。大概可以认为，挥发性较强的吸收得快，而另一些则吸收得较慢，容易有油膜感。温和度有的护肤品酒精含量较高，剃须之后涂抹时非常刺痛，还红红的。香味男生就该有男人的味道！艳俗的香精味算怎么回事！根据以上维度，综合评测人员的打分，我们得到了下面的表格：点击图片查看大图，表格根据价格排序，各项满分为5分，得分越高越好。保湿力不错，控油力最强的UNO，还有清新不恼人的香味，获得了最受欢迎奖。保湿力最强，控油力不俗的欧莱雅醒肤露则屈居第二。要和我们天天见的大宝不仅在保湿方面不理想，控油力还很差。我们在招募时，把肤质分成了干性、中性、油性三种，即使是中性皮肤，也有偏干和偏油之分。在招募的时候，我们发现很少有男生说自己是干性皮肤，而说中性的居多，（考虑到普通男生的护肤常识）可见二分法并不能完全定义肤质。所以如果直男如你如果不知道怎么判断自己的皮肤属性的话，就摸着脸想想，现在是不是感觉脸上紧巴巴的有点干，甚至嘴角起了白皮屑？还是一摸一手油，打个电话手机屏幕都腻腻的？在冬日天干物燥之时，大部分人的皮肤会变干燥，出油减少。如果你实在不知道自己是什么肤质的话，就按照偏干的选吧！有调之选：推荐皮肤中性到偏干的你购买：欧莱雅 男士护肤劲能醒肤露图片来自评测员Jamie此去经年（油）：涂抹稍有油腻，但很快就吸收了，而且仔细体验会感觉抹上后有一点清凉的感觉，不知道是不是因为广告的暗示作用，感觉确实好像有改善疲劳的样子，不会显得那么颓~~~剃须后，没有刺激感。涂抹后3个小时左右开始有出油感觉！Jamie（油）：香味再淡一点就更好了。欧莱雅的质感还是不错的，淡淡的绿色，吸收快，而且控油效果也不错，不知道能不能达到醒肤的效果，但是保持一整天或者一个晚上不油腻已经很不错了，剃须之后涂抹也没有刺痛感，整体效果不错，我喜欢。小佛爷（偏油）：这款产品质地是凝霜，刚涂抹时感觉不负担，味道也是可以接受的…大概1.5小时后脸部有轻微出油。会十万伏特的神奇宝贝大师（偏干）：保湿效果是可以的~持续度挺高的这款，还是比较好吸收不油腻的，足够我坚持早起上班的几个小时。对早晨昏昏沉沉的人来说，这款还是添加了咖啡因等等的成分，可以有效唤醒沉睡的细胞哦！有一点提神的效果啦。不油腻。-ITACH-（干）：采用按压头设计，这点值得表扬。淡淡的古龙水的味道，很清新，充满男人味哦。 剃须后使用，舒缓剃刀带来的灼热疼痛感。滋润度很不错，擦拭后皮肤滑滑的。但稍油腻。什登（干）：刚涂完以后很舒服，感觉脸上有了个保护层，非常光滑，不湿也不干。涂完10个小时左右，鼻头有些出油，其他部位水油适中。总体感觉比较好，比较厚重，适合秋冬天。图片来自评测员会十万伏特的神奇宝贝大师保湿滋润力超强；有不错的控油效果；好吸收；剃须后不刺激；能一定程度的焕亮肌肤；清新的古龙水香气；压嘴设计方便，又不易撒漏。对男生来说，有膜感，略厚重。图片来自评测员胡糊糊所以如果你不知道自己是什么肤质，或者皮肤明显地干燥紧绷，嘴角起皮，就选它没错啦！PS：京东现在预约，11月10可59元购得。推荐皮肤偏油的你购买：UNO 男士多效合一润肤露（滋润款）图片来自评测员此去经年此去经年（油）：基本挑不出什么毛病呀，属于稀薄的，涂抹吸收快，更没有油腻感，而且感觉涂抹后还会有种滑溜溜的幸福感。晚上12点左右涂抹，熬夜到2点多，第二天起床后出油也不多，白天涂抹后，感觉维持了5个小时的时间哎！！剃须后也没有什么刺激感。真的是多效合一！这个是6个产品中最满意的一个了，一定会回购，好用！小佛爷（偏油）：工作2个小时脸部开始有轻微油腻感，但是用手触摸，油脂分泌不是很明显，说明这款产品的保水性不错的…但是酒精成分过高肯定会对皮肤产生刺激，特别是对于须后刺激的肌肤。Jamie（偏油）：这是我最喜欢的一款，控油保湿效果不错，涂在脸上轻轻一推就散开，吸收也很快，自然清爽不粘腻，觉得太稀的可能会不喜欢，还有这一款没有明显的香味。胡糊糊（中）：如果买，我一定会买资生堂。我最看重的是产品的味道还有油腻黏腻程度。香味更偏向于无香或者淡雅清新的香味，质感上更喜欢清爽不油腻的产品。资生堂这一款很好的满足了我的需要。味道是一种淡淡的香味，个人比较喜欢。质感非常稀，有点像水乳。清爽，涂抹基本没有油腻感。吸收快。什登（干）：香味非常清爽，涂在脸上就像抹了一层水一样，非常薄，非常滋润，抹完以后并不觉得脸上抹了什么东西，总体感觉就是非常的清爽！舒适！对于我这个干燥皮肤来说，滋润度也够；涂完以后鼻头基本不会出油，涂完大约10个小时左右，脸颊感觉稍微有些干。男生们并不希望感觉脸上糊上厚厚的一层，所以用这款感觉非常舒服。但是冬天的话，还需要在外面抹个面霜之类的，春夏天就这一个就够了。舒氪（中）：资生堂的这个设计还是非常好的，按压式的小瓶瓶，没有盖子，洗完脸之后可以非常轻松地压一下，液体就出来了，适合早上非常赶时间的同学使用。图片来自评测员小佛爷控油效果强；补水力不错；吸收快，清爽无负担；香味清淡，接受度高；按压瓶操作方便。含有酒精，对敏感皮肤来说有些刺激。图片来自评测员什登虽然干皮油皮都表达了对它的喜爱，但现在的天气，对偏干皮们来说这款乳液的滋润力度还是不太够，还是等到春夏的时候再来入手吧！偏油皮们！点击购买你们的真爱！我们认为可买可不买：这两款对于油性皮肤来说都不合适，中性到偏干皮的朋友可以试试。妮维雅 男士护肤面霜图片来自评测员胡糊糊此去经年（油）：涂抹后吸收速度快，无油腻感觉，香味是淡淡的，比较喜欢。晚上涂抹，早上起床后感觉面部基本没怎么出油。剃须后，没有刺激感。白天涂抹，2小时后T区有出油感觉，3个半小时后，感觉就需要重新去洗脸了。Jamie（油）：润肤霜，不是我喜欢的类型，比较滋润，控油一般，吸收还算正常，挺快的。胡糊糊（中）：涂抹之后稍显油腻，不过好在吸收比较快，多次揉搓擦拭后，油腻感消失。整体感觉比较滋润，略微油腻。舒氪（中）：妮维雅的设计比较高大上一些，在哪也能用，但是太麻烦了。早上赶时间的话就别想了，要是周末没什么事情准备出门，或者晚上准备睡觉的话还可以。-ITACH-（干）：刚开始擦拭会感觉比较油，几分钟后非常滋润而且不油腻，皮肤可以长时间保持润滑。图片来自评测员此去经年较为厚重的面霜质地，保湿效果当然不错，只是膜感很重，比较适合偏干皮，油皮稍有不慎会闷出痘痘。不过说罐子麻烦的测评员还不止一两个，你们是有多懒！图片来自评测员胡糊糊如果套装搭配送一个洗面奶的话，性价比挺高，还是很值得入手的！亚马逊也为我们提供了5元优惠券，输入 PTLVR6AY9L2F 即可领取（11月9-11日有效，限量100张哦）。曼秀雷敦 男士活力修护润肤乳图片来自评测员小佛爷-ITACH-（干）：用起来非常水润，保湿补水效果非常好，不油腻，质地温和，味道也很喜欢。什登（干）：香味比较骚，总有种小gay的感觉，香味有点廉价感。会十万伏特的神奇宝贝大师（偏干）：挤出来的时候感觉会比较油，因为蛮稠的，结果抹开后就感觉很滋润，也不油，早上起来没有涂水我也觉得足够出门了。滋润度比较好。凉凉的，有点薄荷的感觉。非常香。。以至于坐我旁边的女同事一直说怎么会这么香，你是不是喷香水了还是什么的。小佛爷（偏油）：产品是乳霜的质地，刚涂抹的时候觉得有点油腻，稍后油腻感就消失了，味道不浓郁，能够接受。涂抹后的一个小时后皮肤感觉很舒服，没有负担感，触摸上去感觉皮肤柔软，保湿护肤效果显著。此去经年（油）：早上7点45涂抹，1小时后T区少量出油，维持时间比较短。不会回购，因为经过与其他产品的对比，并没感觉表现有多么突出。图片来自评测员小佛爷曼秀雷敦这款，用起来无功无过，只能说相对于上面妮维雅那款比较轻薄无负担，滋润度也说得过去，只是香味争议比较大，所以虽然没啥一定买的必要，不是特别油的调友愿意的话都可以试试。女调友在曼秀雷敦凑单满减时，给男友来一瓶，也是说得过去的！我们不推荐你购买：高夫 经典保湿润肤露图片来自评测员小佛爷此去经年（油）：涂抹2小时后有出油迹象，涂抹4小时后就出油很多，需要再次洗脸涂抹了。胡糊糊（中）：具有高夫特有的浓郁的香味。个人不是太喜欢。会十万伏特的神奇宝贝大师（偏干）：涂完后干的很快啊，感觉跟涂了一层精华水一样的感觉，涂了一遍之后感觉一般，吓得我又涂了两遍。ITACH（干）：瓶口设计有点大，一不小心就会倒太多，白色乳液状质地，有点像椰子奶，所以流动性很强很强。味道真的太香了，用了好一会，香味还是那么持久。用着比较油。什登（干）：非常油，刚涂完以后脸非常油，鼻头油光锃亮的，脸感觉很不舒服；香味非常刺激，闻起来很不舒服；涂完5、6个小时左右两颊发干，嘴唇周围的皮肤开始出现脱皮，但是鼻头依然非常油，并且有时脸部出现瘙痒的情况；总之使用体验非常之差，涂在脸上感觉整个人都不好了，一天都很不舒服。图片来自评测员会十万伏特的神奇宝贝大师虽然评测员们的评价看着有点差距，但有调君总结起来，就是高夫呈乳液质地，挥发性较强（挥发性物质一般为酒精，所以对剃须后的皮肤有刺激），但挥发后的油性保湿成分不能马上被肌肤吸收，所以会给人一种一层油浮在脸上，腻腻的感觉。大宝 SOD蜜图片来自评测员此去经年此去经年（油）：味道比较浓，不是喜欢的类型，而且这个味道闻起来也有种油腻的感觉。涂抹后整体吸收速度还算快，但是就是有种脸部不清爽的感觉。下午3点20洗脸，涂抹，到下午6点左右开始大面积出油，不舒服。Jamie（油）：霜类，质地偏厚，抹在脸上有一点油腻，还有一点摊不开的感觉。小佛爷（偏油）：刚涂脸上时有油腻感，但是很快就被吸收，大概五分钟后，就感受不到起初的油腻感了，皮肤变得像没涂过东西一般。（大概一个小时工作后，脸部就出油了（本人是极容易出油），说明此时皮肤缺水，并且能清楚感受到脸部不适感…什登（干）：涂完5、6个小时，发现鼻头出油很严重，脸颊稍微有些干。舒氪（偏干）：绝对不会买大宝，香的太不自然了，作用的时间也很短。图片来自评测员会十万伏特的神奇宝贝大师评测员胡糊糊说，高夫就像是大宝的在粘稠度和香味上的升级款。有调君看来，这两位的问题也是相同的：不长效保湿、不控油、黏腻还有骚香扑鼻，还是让它只停留在童年的记忆中吧。总结一下：有调之选：如果你是中性到偏干，或者干脆不知道自己是什么肤质，请在这样干燥的天气里选择欧莱雅男士护肤劲能醒肤露；如果你皮肤偏油，请选择资生堂UNO男士多效合一润肤露；可买可不买：这两款对于油性皮肤来说都不合适，中性到偏干皮的朋友可以试试。保湿力较强膜感重，如果有搭配洗面奶的超值套装则性价比很高的妮维雅男士护肤面霜；无功无过，保湿度和控油力都还过得去的曼秀雷敦男士活力修护润肤乳，同样偶尔赠送洗面奶，作为凑单品买回也还可以。至于只能加剧“外油内干”皮肤不适的大宝和高夫，就不天天见了！最后感谢我们8位测评员的辛苦测评（要知道测评护肤品对男生来说可不是件容易事）！,,编辑于 2018-08-06,https://www.zhihu.com/question/34462536/answer/370825362,78 人赞同了该回答,发布于 2017-06-29 15:38,求推荐适合男士的护肤品？,有调App,https://www.zhihu.com/org/you-diao-app
虽然我是程序员，但是我不想给我懒散的生活态度任何理由，首先护肤不分男女！只分肤质！所以第一步你要知道你自己是什么肤质，详细测肤质可以看这个肤质测试，肤质测试74你的皮肤是直还是弯？，这里我就不赘述了！具体的护肤步骤小白也可以看一下我的具体文章护肤步骤 74 让你的皮肤高潮需要几步？清洁面膜74我来教你怎么吸！去角质74不要摩擦出不该有的火fā！化妆水74湿润的你可以不用的，不止是油乳液面霜74吸了那么多，怎么还是那么渴？防晒74你的脸也需要戴套！！！1717精华74是精华不是米青华！1717抗衰老74紧一点，再紧一点美白精华74跟我一起白成鸡吧!治痘痘74你该挤的只有沟1717好多好多，那我现在来具体推荐一下男士护肤品选择吧重点来了！先是洁面！面部清洁 74 上床前你真的洗干净了吗？， 脸洗不干净不仅你后面死贵的护肤品没办法吸收，还会导致黑头闭口粉刺毛孔粗大等等一系列肌肤问题。当然喽，还有一部分人生怕脸洗不干净，天天搓脸去角质，好好的皮肤生生给搓干了还搓敏感了，替你寒心 ！超爽皂基洁面的缺点：一般来说大家都觉得把脸洗出咯吱咯吱的感觉那才叫洗干净，会选用一些皂基洁面产品，感觉超爽。别再把你那种”他喜欢我”的错觉带到洗脸中。都是是假像！皂基洁面产品过于刺激，去脂能力极强，如果把脸上过多的油脂都带走是会损伤皮肤惹！皂基碱性配方还会破坏皮肤弱酸性的酸碱平衡，容易长痘痘惹！还有学过化学的都懂，自来水是硬水，和皂基一起用会产生皂垢，你的皮肤就要变成脏洗衣盆惹！ 旁氏亮采净澈系列米粹润泽洁面乳 市场参考价：39元左右Freeplus 柔润洗面霜 市场参考价：140元小康水平这么选 Fancl 保湿洁面粉  市场参考价：145元PS：洁面产品就是帮助你洗掉汗水，去代谢角质和油垢的，什么美白抗老祛痘去黑头收缩毛孔的，不要再为难人家啦！洗面奶内心是乌拉那拉氏哭泣的！清洁面膜按清洁方式来分，清洁面膜分撕拉式和水洗式两个类型 撕拉式原理是让面膜和皮肤充分接触和融合，在撕拉的过程中将能粘在面膜上的一切都拉扯下来，所以除了污垢，油脂，老化的角质，一些松动的角栓以外，撕下来的还有一部分你健康的皮肤屏障。所以我们得出了以下公式：清洁力：撕拉式>水洗式 皮肤伤害：撕拉式>水洗式 按成分来分，清洁面膜分为粘土类和炭类两大类 粘土类清洁面膜一定要有高岭土，膨润土或蒙土中的一种。如果你买的粘土类清洁面膜里三种都没有，对不起，你可能买了假的清洁面膜。 粘土类里还有一个分支：泥类面膜。不是所有泥都能做清洁面膜，只有拥有良好粘结性和离子吸附力的粘土混合水才会有深层清洁作用哟按成分来分，清洁面膜分为粘土类和炭类两大类 粘土类清洁面膜一定要有高岭土，膨润土或蒙土中的一种。如果你买的粘土类清洁面膜里三种都没有，对不起，你可能买了假的清洁面膜。 粘土类里还有一个分支：泥类面膜。不是所有泥都能做清洁面膜，只有拥有良好粘结性和离子吸附力的粘土混合水才会有深层清洁作用哟 炭类是多孔的结构，具有比较强的吸附性，然而炭类发挥是有条件的：合适的温度、一定的接触时间，所以面膜是最适合炭类发挥清洁效果的方法。一般的炭类清洁面膜包括活性炭，竹炭和备长炭3种！ 一般柜姐都会比着手势对你说：我家的炭类清洁面膜能深层清洁毛孔污垢和肌肤表面油光，还你清透净白！然而柜姐没告诉你的是：炭类这个贪心的小浪货，一切通吃，不仅会吸走脸上的污垢还会把皮肤表面的健康油脂也吸掉！那这么多种类要怎么选呢？我的建议是 爱怎么选怎么选。没有任何一个清洁面膜能保证所有人使用后没有刺激的不适感。特别是那些敏感皮和干皮的！使用清洁面膜简直玩的就是个刺激啊！所以找你看的顺眼的清洁面膜中小样，先在小区域内试用，没问题再买正装大面积使用。 Ghassoul 摩洛哥矿物粘土洁颜面膜 150g市场参考价格：寻找靠谱代购大概￥75左右科颜氏亚马逊白泥净致面膜市场参考价格：￥280欣兰 DMC 黑钻透白冻膜 335g市场参考价格：￥119IPSA茵芙莎粘土按摩面膜100g市场参考价格：￥350 AESOP 伊索 PRIMROSE 樱草洁净敷面膜 120ml市场参考价格：￥430乳液和面霜乳液和面霜是基础护肤里最重要的环节，它们最重要的作用就是补水保湿！补水和保湿是两个事情！ 光补水不保湿就好像是光蹭蹭不进去，屁用没有！ 油皮！ 油皮分两种：一种是水油都很充足，洗完脸之后不会觉得皮肤紧绷，缺乏弹性的就可以什么都不用，直接防晒；如果你觉得脸上有油光但还是感觉干干的，就属于是皮脂分泌油脂虽然很多，但是内里却缺乏天然保湿因子NMF. 那就买一瓶Muji化妆水（高保湿版），里面含有海藻糖和尿囊素，可以帮助你补水不补油。  MUJI化妆水（高保湿型）200ml 官网价：06191元 如果你只用MUJI这个觉得不太够，可以选择用一瓶不含太多封闭剂的乳液，油皮说明你皮脂层是正常工作的，不再需要封闭剂再次成膜。以下是推荐： CeraVe Moisturizing Lotion（保湿乳液）355ml 官网价：0677元 倩碧润肤乳-ㄠ配方 125ml 官网价：06295元 干皮！ 干皮保湿就不要考虑乳液了，保湿，面霜才是王道！因为面霜里封闭剂量比较大的缘故，面霜的保湿能力要比乳液好很多。这里推荐几款面霜。 CeraVe Moisturizing Cream（保湿面霜）453g 官网价：06107元 Curel/珂润润浸保湿滋养乳霜40g 官网价：06188元 科颜氏高保湿霜 50ml 官网价：06300元 如果这些你们还觉得干！ 那就在面霜或者你的化妆水里面加上几滴太阳社玻尿酸原液。太阳社玻尿酸原液 10ml官网价：￥30元左右最重要的防晒来了！最重要的！ 有无数小天真宁愿花上千块去买抗老或美白精华，却不愿意买几十块的防晒霜，再说了，没有防晒，你脸上昂贵的精华可能也是白涂 ！有无数小天真宁愿花上千块去买抗老或美白精华，却不愿意买几十块的防晒霜，再说了，没有防晒，你脸上昂贵的精华可能也是白涂 ！ 油性皮肤: 选择比较清爽的化学防晒，不会增加肌肤油腻的感觉 大宝清爽保湿防晒露75g SPF20 PA++ 官网价：19.9元   无需卸妆 妮维雅水感防晒 140ml SPF 35 PA+++ 参考价格：55元   无需卸妆 干性皮肤：选择比较滋润的防晒，不会拔干曼秀雷敦新碧水感防晒露 SPF25 100ml 官网价：70元   无需卸妆 ALLIE绿管90g SPF50  PA++++ 官网价：折合人民币175元   要卸妆 痘痘肌/敏感肌：选择物理防晒没有油性成分的，安全不会过敏 资生堂新艳阳夏臻效 水动力防护乳50ml  SPF50+ PA +++  官网价：380元   要卸妆 FANCL防晒UV 60ml SPF50 PA+++  官网价：358元   要大力卸，真的非常难卸身体防晒：买便宜大碗的防晒喷雾，一般是化学防晒还不用卸妆 美国Coppertone水宝宝隔离透气防水防汗防晒喷雾SPF50 170g  参考价：78元   无需卸妆 RE:CIPE全透明水晶防晒150ml SPF50 PA+++  折合人民币：170元   无需卸妆 户外：高倍数SPF，高防护PA， 户外要添加防水功能 ANESSA／安热沙资生堂小金瓶防晒霜60ml SPF50+ PA++++ 官网价：300元    无需卸妆 好啦，先更到这里吧。喜欢我的记得加我的公众号哦。http://weixin.qq.com/r/WjhGXoPE296krcc9921I (二维码自动识别),,编辑于 2017-04-20,https://www.zhihu.com/question/34462536/answer/370825362,47 人赞同了该回答,发布于 2017-04-20 21:17,求推荐适合男士的护肤品？,HoHo,https://www.zhihu.com/people/luo-xiao-hei-98-22
小弟，真的不要用男生护肤品。尤其是洁面，都是超强去油，很多还带有磨砂成分，殊不知这样会把皮脂膜洗的一点都不剩，磨砂成分也会把角质层破坏的七零八落。再加上男生的面霜都号称清爽不油腻，皮脂膜没了，角质层受损了，再一点油份也不给你补充，那小弟的脸就会像残破的墙面一样不停掉皮；皮脂腺受到刺激会更加顽强的分泌皮脂，毛孔代谢紊乱，多余的皮脂代谢不出去堵在毛孔里，慢慢被氧化变成痘痘；皮肤表皮营养物质流失，真皮层的血管就会往外生长，就会出现红血丝。这问题大发了吧！,,发布于 2015-11-11,https://www.zhihu.com/question/34462536/answer/370825362,8 人赞同了该回答,发布于 2015-11-11 11:42,求推荐适合男士的护肤品？,素然笔记lisa,https://www.zhihu.com/people/supermine-lisa
"原文链接：学姐推荐| 英国男士护肤品推荐，快给你的爸比和BF准备好咯最近一直有学弟希望学姐写一篇关于男士护肤品的文章，说实话，一开始学姐是蒙圈的，本以为我大天朝的男子都是靠自身的天生丽质和盛世美颜的，一块香皂和一只大宝就足以走天下，没想到还是有很多男孩子希望过的精致。千万别误会学姐的意思，学姐很鼓励这样的做法，我天朝男子去了英国总不能输给那边的小妖孽吧。不过学姐真的没用过男士的护肤品，以下都是口碑好，性价比高的产品，具体那款更适合，请千万参照自己的肤质！首先，请暂时放弃你手边的欧莱雅、曼秀雷敦、旁氏、碧柔这些鸡肋到不行的产品，先从洗面奶开始改变。其次，请放弃那种只用瓶身上写了for men或者homme产品的想法，很多产品男女都可以用，大部分男士专用也是在普通成分上加加减减。男生的皮肤大多属于油性的，经常出现冒痘痘的情况，有些男生还喜欢挤痘痘，关键是只挤不处理，搞得最后成了月球表面。如果你是属于满脸痘痘的情况，那请你关闭文章，出门右转，拜托你好好找个医生，中药西药都可以，从内部根本上进行调理。如果不算严重，或者皮肤有些干，那么你可能需要重新审视一下你的护肤品了。fresh Soy Face Cleanser对于男生，学姐比较推荐选择药妆品牌，安全，健康，香味不会过重，比如fresh这款大豆洗面奶，非常温和，男生女生都可以用，清洁力度不错，对于女生是可以直接卸淡妆的，so，它的清洁能力并不差好吗？无酒精，无香料，温和到孕妇也可以放心使用。对于洗面奶，我希望大家端正心态，洗面奶只要能达到有效清洁且不伤皮肤，那么它就是一个好的洗面奶，想靠他祛痘、美白、补水什么的，请省省吧，这些都让一只洗面奶做了，你让精华、乳液、眼霜、面霜的面子往哪儿搁？缺点就是价格偏贵，fresh是美国产品，在欧洲的价格并没有大的差别，学姐之前就被“骗到”法国老佛爷买了一堆，其实价格跟英国没什么区别，还驮了一路。Lab Series Multi-Action Face Wash稍微平价的产品可以选择Lab Series，它是专业的男士品牌，归属于雅诗兰黛集团，分为Clean（浅蓝），Shave（绿色），Treat（深蓝）和Body/Hair（红色），很多产品都是多效合一，性价比高。学姐比较推荐它家这款Multi-Action Face Wash，内含少量磨砂颗粒，有一定的深层清洁效果，皮肤敏感的汉子可以一周使用一两次。价格真心白菜，效果也不错，但是不够滋润，所以使用完之后需要进行后续保养，千万不可以偷懒哦！LA ROCHE-POSAYDUO乳,K乳,AI乳男生有时候会有局部冒痘的情况，学姐比较推荐理肤泉的DUO乳，K乳和AI乳，这三种都是针对粉刺、痤疮的，使用方法不同，注意搭配使用。DUO和AI针对已经出现的痤疮、粉刺，DUO可以涂全脸，AI一般用于点涂，K乳一般是预防性的，针对只有少量痘，但是需要预防大面积爆发的状况，三种产品不建议叠加使用。学姐三款都使用过，使用最多是DUO和K，可以负责任地说，有效，但是同样需要注意，这些只是针对突发性，少量的情况，长期大面积生长的状况也是不顶用的。价格很便宜，一般就是十二磅左右，随便哪家boots都有得卖，还经常有3 for 2，可以说超高性价比了。SK2 facial treatment essence精华类的产品，学姐实在难忍，隆重为大家推荐SK2。从学姐倾家荡产使用的SK2家的产品效果来看，可以用一句话总结，基本没有鸡肋产品。学姐要疯狂打电话的是神仙水和小灯泡，真的超~有效果。学姐这里着重说一下神仙水，这款贵到吓人的精华水，内含pitera，一种活性酵母成分，有非常优异的保湿护肤效果，而且它属于SK2的专利，只此一家，别无分店。这款精华水有普通版和男生版，男士版其实只是多了薄荷醇，没有其他区别，使用起来会更清爽，BUT，相比普通版也会更加刺激，所以，请根据自己的肤质选择，并没人拿枪架着你选男士版哦。从学姐的使用感受来说，重点出油区有明显改善，毛孔更小了，而且皮肤也变得更透白，后续保养品的吸收度比以前好。除了价格贵，基本上没啥缺点，有条件的，推荐入。Kiehl's Rare Earth Deep Pore Cleansing Masque这款科颜氏白泥属于清洁面膜，主要作用是祛白头、黑头，针对部分闭口、粉刺也有一定的效果。出油相对严重的男生可以厚涂，这款面膜整体比较偏干，清洗的时候注意力度。卸掉面膜之后，可以用专业的工具（注意，是专业的工具，你的手并不是专业工具），比如粉刺针之类的，将浮出鼻头的黑头或者白头处理掉，之后再用毛孔收缩水湿敷镇静一下，就可以开始后续护肤步骤了。这里再顺便介绍一下科颜氏的金盏花水，主要作用是镇静，很适合和白泥搭配使用，不习惯湿敷的糙汉子可以只是擦拭，这款水的定位就是帮助痘印愈合，改善发炎现象，同时可以维持面部皮肤水油平衡，适合油性和混油肌肤。fresh Sugar Face Polish完全不刺激，使用完之后皮肤很光滑，砂糖类产品本身就有美白和去角质的效果，学姐在一穷二白的时候就会买白糖来当做磨砂膏。当然，这款黄糖磨砂膏加入了更多的保湿、补水和美白成分，比白糖好用多了。学姐建议男孩子每周进行一次深层清洁，一到两周进行一次去角质，这样可以保证皮肤始终处于更新状态。除了价格贵点基本没毛病，需要注意的是，去角质产品使用频率不可过高，使用之后请不要再覆盖刺激性比较强的产品，尽量使用一些温和、无香精、无酒精的产品。男生女生虽然在肤质上有些差别，对产品的诉求也不一样，但是想要达到的目的是相似的，就是达到肌肤的一个水油平衡状态。就这一点来说，学姐之前推荐的很多产品，男士也是可以使用的，更何况市面上的很多男士产品原本就是普通版本添加了些许原料而已。最重要的一点就是希望男生也能认真护肤，优秀应该是多方位的！或者帮助你的BF护理皮肤哈哈哈～",,编辑于 2017-11-09,https://www.zhihu.com/question/34462536/answer/370825362,14 人赞同了该回答,发布于 2017-11-09 11:03,求推荐适合男士的护肤品？,英国大师兄,https://www.zhihu.com/people/ying-guo-da-shi-xiong
比较油的话一定要尝试神仙水！！！绝对绝对油皮亲妈！！！ 先码。有空写――――――分割线――――――先介绍自己的肤质~夏混油冬混干坐标浙江17岁长痘有痘印~先说洁面~洁面我现在有在用:雪花秀顺行。skii洁面。←晨洁。晚洁→欧莱雅复颜洁面。相比起来作为泡沫控的我的对这三只洁面的喜爱程度由大到小分别为雪花秀＞欧莱雅复颜＞skii。雪花秀味道大概就是姜味，我用的起泡网泡沫比较丰富。洗完不紧绷皮肤有点滑滑的(但并不是假滑的滑)复颜洁面泡沫很丰富。但是味道，太香了！！我有点无法忍受。skii泡沫最稀疏。不过味道挺香的。洗完依旧不干。当然如果你觉得上述几个比较贵的话可以看看旁氏米粹。肌研舒缓。大宝水凝。都是超市就能买到的开架货。其实欧莱雅复颜在泰国很便宜哦。我记得只要21块钱左右！！！注意！！！千万不要买那些欧莱雅妮维雅的男士系列！！！因为！！！不好！！！随便带张图水~我用的skii的清莹露以及神仙水~这两个都已经被说烂了所以就不多说啦~平衡水油轻微剥离角质~维稳效果杠杠的雪肌精~对我没啥用。反而敷了脸红。可能因为酒精不耐受。羽西灵芝水。我用了爆豆。乳~曼秀雷敦乐肤洁spf15的那个乳液。个人觉得比较清爽。可以顺便做通勤防晒资生堂悦薇乳液。无功无过？精华~这个真的是重中之重！！！暂时没用美白精华，因为没找到合适的。用了olay小绿瓶(长毛)欧珀莱臻白感觉然并卵。种草新透白和小灯泡。痘印的话可以选择一些美白精华如上述玉兰油小绿小白瓶。新透白。小白瓶。杜克色修+等最近刚开瓶EL小棕瓶。个人还比较喜欢。之前已经用过30ml~维稳效果很好！用一段时间之后皮肤会变细腻一点！寒假时候经常熬夜吃辣。睡前涂了这个和神仙水居然没爆豆！第二天气色也不错！当然也有人说他无卵用~我觉得甲之蜜糖乙之砒霜~hr绿宝瓶精华。香香香！！！效果没怎么看出来！！！应该不会回购lancome小黑瓶。挺清爽的。基础保湿。然并卵的东西~资生堂红腰子~香味喜欢~涂上去凉凉的~维稳效果不错~有钱会回购skii第六代小灯泡精华。用了之后第二天皮肤会很细腻。但比较贵不会回购。霜~薇诺娜特护霜~清爽~保湿~个人会涂u区~skii男士霜~油~眼霜资生堂盼丽风姿~挺滋润的。其他没感觉skii眼霜。油。不舒服。不喜欢。防晒。薇诺娜防晒乳~比较喜欢。很轻薄。但有一点点泛白。可能是我太黑了 新碧蓝管。油。闷痘。刚入了原料桶彼得罗夫的龙血精华惹。使用感淋分，效果一般不明显。不回购cpb洁面。高级皂基~泡沫绵密绵密很舒服，味道好闻不俗。洗完干净不干不假滑~是我目前用过最好用的惹~有钱会继续回购雪花秀蜜皂~油皮用了不干，中药味很安心，成份对痘肌很友好，有一定抑制痘痘的作用~很耐用超级耐用哈哈哈长痘痘的可以试试~暂时就记得这些~有新的会继续补充~么么哒~,,编辑于 2016-09-04,https://www.zhihu.com/question/34462536/answer/370825362,8 人赞同了该回答,发布于 2016-04-18 15:52,求推荐适合男士的护肤品？,Chance,https://www.zhihu.com/people/chancezhu-50
大宝全线唔。。。。旁氏米粹也挺好买的。。再反对一下楼上说神马精油啊，自然乐园啊～精油没事别上脸。。。自然乐园那是个什么鬼。。。不怕烂脸么。。,,编辑于 2015-08-19,https://www.zhihu.com/question/34462536/answer/370825362,3 人赞同了该回答,发布于 2015-08-19 16:24,求推荐适合男士的护肤品？,广戚,https://www.zhihu.com/people/yan-qi-80-89
